INSERT INTO dron_taxi.dbo.Users (Id, Username, PasswordHash) VALUES (3, N'admin', N'AAECAwQFBgcICQoLDA0ODxAREhMUFRYXGBkaGxwdHh8AAQIDBAUGBwgJCgsMDQ4PEBESExQVFhcYGRobHB0eHyxRxmARNsaIIRnnW06rwcFQEg2gk/XJUq+SQ0JjFqqu');

INSERT INTO dron_taxi.dbo.UserProfiles (Id, UserId, LastName, FirstName, MiddleName, BirthDate, Sex, Email, Phone) VALUES (1, 3, N'Last', N'First', N'Middle Name', N'2020-06-29 00:00:00.000', 1, N'admin@admin.admin', N'88005553535');

INSERT INTO dron_taxi.dbo.UserPics (Id, UserId, Picture) VALUES (1, 3, 0xFFD8FFE000104A46494600010100000100010000FFFE003B43524541544F523A2067642D6A7065672076312E3020287573696E6720494A47204A50454720763632292C207175616C697479203D2039300AFFDB0043000302020302020303030304030304050805050404050A070706080C0A0C0C0B0A0B0B0D0E12100D0E110E0B0B1016101113141515150C0F171816141812141514FFDB00430103040405040509050509140D0B0D1414141414141414141414141414141414141414141414141414141414141414141414141414141414141414141414141414FFC000110800F0012C03012200021101031101FFC4001F0000010501010101010100000000000000000102030405060708090A0BFFC400B5100002010303020403050504040000017D01020300041105122131410613516107227114328191A1082342B1C11552D1F02433627282090A161718191A25262728292A3435363738393A434445464748494A535455565758595A636465666768696A737475767778797A838485868788898A92939495969798999AA2A3A4A5A6A7A8A9AAB2B3B4B5B6B7B8B9BAC2C3C4C5C6C7C8C9CAD2D3D4D5D6D7D8D9DAE1E2E3E4E5E6E7E8E9EAF1F2F3F4F5F6F7F8F9FAFFC4001F0100030101010101010101010000000000000102030405060708090A0BFFC400B51100020102040403040705040400010277000102031104052131061241510761711322328108144291A1B1C109233352F0156272D10A162434E125F11718191A262728292A35363738393A434445464748494A535455565758595A636465666768696A737475767778797A82838485868788898A92939495969798999AA2A3A4A5A6A7A8A9AAB2B3B4B5B6B7B8B9BAC2C3C4C5C6C7C8C9CAD2D3D4D5D6D7D8D9DAE2E3E4E5E6E7E8E9EAF2F3F4F5F6F7F8F9FAFFDA000C03010002110311003F00F54D7FE29D94711FF4A52429F941CD78CF8B7E32A92DB2E3D80073CFA57CCBAA7C4FBFB9241B872A7AFCDDAB9EB8F134F72B8323F5E8723FCF5AFCEA864D1A6EECE55094B73D83C41F125AE1D899CE4E7BD7097FE2D92EF72EE6DA4F237571CD7D24F83924E3E6FAD5EB2B6332EFEB9231DCD7B30A70A6AC85EC8D28B53732005B3CF53F8FE55DBF84F51DAE8C7239C70338AE121B13E665402323B575FE1FB291551994027079ADA534D58CAAA491D2789AEBCC0423B3F38241C1AF2FD53323903EEFA37E95EDF65E086F155B6C49765C01C160483595AB7C06BAB54125CEA31863825110B75F7E2B28CD449A6BB9E285E45390491CF02A4B7D7E5B18D8AB71B49FD2BBEBFF0086EB6A0A9B877DA0E0AA607F5AE33C59E105D2F49BF9FCF7DB142CE70BC8C29ADA2D54924CD538B7647D6FFF000463F05D9EBDE2AF899E3CBD266D620586C21763F75256692438F7289CFB57EAB8AFCF9FF822FE88B67FB3EF8AB5336FB24BED7DD3CFCE7CD58E188018ED82CDF9D7E82818AFA53B16C1C0AE27E2D7C65F097C10F094FE23F186B10693A646C1159FE6795C9C04441CB373D07D6A1F8D7F18742F817E00D43C5BE216B83A75AED5115A42D2CB2C8C7088A00EAC78C9E057CC7F02FE0A78D3F68DF1D587C63F8E10343656AF2CDE15F03DC42047A7C6CC0C73CEA7EF49B7180C09E84E318A066A787FF690FDA17E34E9516B3F0E3E0E68FA3F86EF0192C357F16EB2419E2CFCB27D9E350E0103207BF5ABB27C2EFDACBC568F2EA5F177C25E0F603725AE81E1F6B95DDD833CCC0E3D715F5A416F1DBC6A91A8455180A07029E700734AC80F91A3FD8E3E2878B98FFC277FB4978C6EE27E24B5F0D5B45A4C78EE0329638AD1D27FE09A9F0520B85BAD7AC35BF1ADE0E4DC7893599EE4B1F520328FD2BEA669A341CB818EE4D71FE2CF8CFE00F0244CFE23F1A681A185EA2FF528616FC0330269818FE0CFD9B3E16FC3D31B7877C03E1DD2A58FEECD069B17983DF7905B3EF9AF48CAC6B8C81E82BE6AD7FF00E0A27F037489DADEC3C59278A2F01205B78774EB8BD663E80A26D3F9D7012F8B3F684FDAF44A9E13B393E087C39698C5FDB1AA407FB6EF62C10C6385B88C1EC783EE6803D67E337EDB5F0DFE0BF888F86EF2E6FF00C45E2A55DEFA1F876CDAF6E6218C8DE1784CE47539E7A57965AFC44FDAAFE3C98EE7C29E12D0FE11786E6DD243A878933777D2C7FC19807DC241CF23DABDB7F676FD973C21FB39E812DAE8B1CDA8EB376DE6EA1AF6A2C24BCBC90800B33F5038FBA38AF63000E3D2803E379BF65DFDA3EF985D4FFB4CDCC374E32F15B787E2581482301177703AE7F0A6C5F0C3F6C5D1375BD9FC54F05EB16F002219B53D2184B30048024DABC1230491DEBECBC514092B1F1DC563FB6BE9E7CD7BFF0085DAAAA919B7682E63DE0819E46318E6923F8C3FB59F80EFE56F137C18F0FF008DF4F110612784F55F21D0E4E46D98B162700E00E3D6BEC5C502819F233FEDCBE33D3615B8D63F66CF89163688C239E582D92E0A311F2ED5182E0F723814EB6FF8290F83AD8E75FF0087DF11FC328402B2EA1E1A97636471CA93D7A0AFAD1A2561CE7F0A6FD990F5071EF401F2B0FDB975BF140C7813E027C45F146EE12E2F6C574CB76F7F3253D3F0A8E4F8A7FB586B4C2E74FF0082BE14D12DE41B560D5BC49E74C99E8CC6300607A0E6BEAF1185231DA9D40143416BF7D1ECDB558E187526850DCC76CC5A259768DE109009507382474AD0A4A31400B452518E280168A4FC28C5002F14671494B401FCE0A4464CE46E6F5156ED74FDF8EA39E98FCF34E8A32C72303919ADCD3ADC920104027B9FCEBE72751C4ED8C54886D347674DC118B1F4E6BA4D374DF2E20AD0BB1C7DD0A4D4F636024DAB81DB3DEBAFD1ADA286053825986303B0AF2E55D5F52E545F430B4FD18CCC30ACA4723776E2BB7F0FF8724915148C7A1C66A4B3B18D37315383C0079C9AED3C24B0994961E480A0658F5E4D3F6B78DCF22B5295CE97C23E1D9AD1A39762B2E7A0E6BA5F12686B731472CA7CA8B672719E6974654FED08E68C9C0C64E2BB592286F6278B0ADE6AE08F4F7FE55707CEAE64A9E9A9E03AE78480C945DE0F233C67FCFF004AF1BF8BFA049FF0836BF240C3CC4B590E075C01F37E99AFA53C40EB63732DBCF132B27CA31D08AF21F1B45F68D0B5389C2189ADA618C019055B22A28D550A8BD4214A5CC7D9DFF0497B4D3ADFF63DD164B1FF005F3EA37B25E1FF00A6C25DB8FF00BE163AFB378AFCF3FF00822E6B37177F017C5FA6C8E1A0B1D7D9A25CE4AF990C65B8FAAFEB5FA195F6A8EC21B8B686E90A4D124A8719575C8E3DA9CEF15B44CEC4246A3258F000F534FF00C2AA6B1A4DAEBBA5DDE9D7B109ECEEA26866889203A3021871CF20914C0F96F51FDB8B50F17F89F59D1BE0E7C2FD73E2AC5A54DF67B8D72D6E62B3D37CDE72AB349F7B18E481505EEB3FB607C43B57B6B0D0BC03F0C20986D375797B2EA77708F55083CB27EA08AFA4BE1F7C3AF0F7C2CF0B58F873C2FA5C1A368964A52DED2DC1DA80924E4924924924924939AE930A3D2803E449FF00618F1478FDED8FC52F8E9E30F18592B8926D234F29A65A4B8FE1222F9B1F420D77DE11FD847E04F83A559AD7E1C6917B700E7ED1AA07BD909F5CCCCD5EFB8A5FD69580C5D0BC17E1FF000BC0B068DA1E9DA542A3012CAD52103F0502B6155507000A5C52D1600CD35DC20C9FD29D8AA9AB59B6A1A6DD5AA4CD03CD1346254E190904061EE3AD3029EB1E2DD17C3F019B54D52CF4D84757BBB84887E6C45792F8BFF6DEF819E082E9A97C4AD0DA64EB0D94FF006A7FCA30D5E53F0EBFE0997F0DB4FD26193E214BA8FC45F1187779EFF54D42E04526589502212606063BD7BCF83BF665F855E0111FF60FC3EF0E69ED1FDD9134E8DA41FF0002605BF5A05A9E2577FF000522F05EACE62F04782FC75E3C9CF0874AD0A4589BE8CF8FE55493FE0A41A5E8D722CFC5FF00097E23F856F9BE558A4D18CC1DBB052A79CD7D876F690DA44238228E18C7448D4281F80A71891B194538E991D2819F1DC1FF000543F86242A5C7873C75697658A3DB49A039746C703838C9E82B7340FF0082957C13D4B5236BAA6ADAAF85559774371E20D2E5B58A7EC76360F43C1CE3A57D4C6D202DB8C51939CE4A8CE6B13C51E01F0E78D6CFEC9AEE85A76AF6DB4A88AF6D525001EB8DC0E339ED4011F837E24785FE21E9ABA878675DD3F5EB26FF0096FA7DCA4C83D8952707D8D746083CD78A7C3BFD8EBE15FC25F882FE32F07F870787F577B76B731D9DCCAB6DB5BEF1F2776DC9F5C57B5818E2900B9146452514C05C8A322928A005C8A322928A005C8A338A4EDD29719A00FE7961B123AA807A608CFF005AD6B484891780C33D7DF3FF00EAABB269FE5FCC1463A903B53A38815F948E7EA39AF8B94EF7B9ED463CA6EE89189493B791C0C1F5AEBF4EB550A33829DDBF215CD6831614F193D704F7C577BA5DB8684617820726BC7AD3B33B2104D1734FB25740A7A761D38AE8F4CD37CB23603B7B7193556C202483CEFF00A75AE86CA301C65781DCD7146BB4ED731A98752D19D4681F7957383EBFE7FCF15DEDA409246A700003209AE07482141DF83DB24700FF00935DE69132858C31E0E3AD77D2AFCB6470D5C2A4B42878EBC19FDBBA435E451A9BAB552DC1E5D3A91F876AF8E3F69CF13C5E14F00BD8405BFB4758636D085E5B1C6F3EDC1C7FC0ABF43B4241236C38218743DC57C3FF00B4E7826CB4EFDB4FE0C69574FF0068D1B50D46D276B30B9DA1AED4118EE09007D057AF85A4AB62212E9BFDC73E908B563EFDFF00827FFC033FB3F7ECE5E1FD2EF6DD61D7F544FED4D4CAF5F36500AA13FEC26D5FA83EB5F49E4554B8BDB6D2ED165B99A3B6806D5DF236D5049000C9F52401F5156B3C67B57D923946BC81013903BF35F27FC4AFF8281E99E1CF1DDF7863C0BE00F127C539B489447ACDDF8720324166D8FB81C021D8771C0E0F3C565FED63F197C47F127E2069BFB3F7C25D4D6DFC4FABA17F116B7012468D6583B86E1F765619C771C7735F41FC0EF817E15F803E01B0F0B785AC12DADE15DD7172799AF2623E79A56EACCC79F6CE0714C0F043FB577C74F1B023C15FB36EB16F0B7DCBBF156A51D8AFD4A1E7F5AA537C79FDA9BE1E6A31B78AFE0669BE2EB2BB52F0FF00C21DA912F6C47F0C9E6673C77E3EB5F652A04E94301839E940B53C0FF67FFDAA2EBE3178A352F0B6BFF0EBC4BF0FFC4B6117DA64B5D5ADCB40D11C6D226002EE39FBB8F5AF7E26A18C45BFE5C16A9A80D7A8034134638A281866B96F895F12BC3FF097C17AA78ABC4DA847A6E8BA6C7E6DC4EE0B103A00AA3966270001D49AEA6BE2CF8E5A54DFB4C7ED95E16F8597706CF07780ED53C55ACC539F93529642AB043B3A3283C9CE472C2803EA2F847F13EC3E31780F4CF16697657F63A76A085E18B53B636F3ED0C464A1EC71907B822BB1CD470411DB44A91A84450142A8C0000E00A92800CD266969ACC17AF1400ECF1466AADDEA56B610996E6E238231C979582A8FC4D7926A5FB647C12D226BE8AF7E26F87ADA6B2B86B59E27BC019641D463A9EBD4645007B2E68CD55D2F54B4D6F4DB5D42C2E23BCB1BA896682E2160C92230CAB291D410739AB5400668CE28A2801334B9C51450026697345140099CD2E7DA8E681401F844D68369CF24E7A0CD471D96274277120F3DAB46340E8771DEE7241C62AC5AC4ACDBC0627EBC9AFCEDCEC7B89DCD2D16C5C91B8739C11E95DD68F6A3009E467B8CD73DA446001801738C1EC2BB2D3E1DA1416C9033C1C1AF2ABC9D8EF8FC26A5B051F7465BF51C569DBC200CF381DFA553B501B3C03FD4D68C60AA2E7208E306BCF8B1B699ADA630C80060E39CF526BAFD2262768381D73EE6B8FD3080EB8EA7A163D6BA3D39C891390A3F4CF35D09B4CE79B4D1E9FE199F2E06E05B8C02D815F2CFC49B497C5BFF000547F845A6DD471C16D656F6D3C2F293897679F2F1EFB8103DC0AFA5BC39212CA325BB8CF6AF947F6F2D4F53F861F1CBE0EFC4FD025B3FED9B390DAC515C6E60CF1C9B81655C12989483839AFB1CA669CD7A1E3D7DCFD6DB8B1B7BE8638EEA08E754659156450C03A9CA91EE08041F6AC6F883A3EBBE20F066AFA7786B594F0F6B9736EF15A6A925BF9E2DA42387D848DD8F4CD58F0747A88F0CE96FABDDC57BA9BDB235CCF6F098A3790804954249519E80926B6ABEBCE33C5BF667FD977C3DFB367872EADAC279F5AF10EA72FDA357F105F1DD737F37524FF7541270A3F124F35ED39A414B4C033ED48E7E538EB8A283D2803E3BFD9B3546F00FEDA1F1DFE1EDE5E5D345A935A788F4A82EE5924051E3C4FB0B13C066038F4C76AFB149AF98BE28FC3EF115AFEDC5F09BC79A3E957177A34BA35FE8BACDDC2BFBBB75C1922690F6CB1207D2BE9B5E507F5A00766827DA8A43400B9AE4ADFE16F86ED7E265E78FA2D3C278A6EF4E4D2A6BD0EDF3DBABEF542B9C70DDF19AEB693BD002834858019EDEB59BE22F11E9BE13D1AF356D5EF60D3B4CB389A7B8BAB9902471228C96627A57E5AFED9BFF000537D53C776FACF82FE06C5A88B3B54326A1E2EB20E1FC8519630E1731A7AC8483E98EB401F487EDB7FF000512F0EFECD9653E83E1A92DBC45F101C802C776F82C4679339560437A2753DF02BF30FC5FFF00051BFDA03C70F224FF0010AF74981CF29A4C31DA8419EC51777EB5F36EB1AADEEB7A9DD5F6A3773DF5F5C48659EE2E643249239EACCC492493DCD53A0773F4B3F67EFD866FFF006C2F09A78BF55FDA1357F1158998C171008AE249A19571946F3E4E3820FDDC735C47ED95FF0004F5FF008651FEC0F19E802F7C6FE0886441AC4579F24913071C3B478DB1C80ED04720D75BFF00045DF89177A7FC53F18F825DF165A969CBA8C687FE7AC2EAA48FF80C87F2AFA0FF00E0A2FF00B575FA5CBFECFDF0EB4C3AF78E3C4D0AD9EA0163120B78255388941E3CC618393C2AF3D48C023EABFD973E26F85BE2BFC09F086BBE0DB2FECCD05AC92DA1D3FF00E7CCC5FBB6849EFB4A919EF8CF7AF57FC2BE7CFD86BE00EA7FB37FECF9A278475BBB4BBD64CB2DF5E089F74714B2B64C6871D14601F53922BE82140067DA9738ED494BDA80133ED4B9C521A5A004FC2973494B4009F852E4D252F5A00FC2DCAB0DA7B7B9AB56927391CFBFF51529B100B2E067AFCDEDEDDE9C903C6E0053B462BF3A924CF49543A7D084985049C9E38E7AFA576561C80072071ED5C6E84405CE58E7FBA3A1FAD76D616D23A90338E39C75E95E6568F734F6F635209324907008CF4E7DAAEC128DDB4FCDCF205674103023765413D71C56AD969D35CA348B858D0139F5FA570D9475075E4F445EB470832149607B7D2B7F49955D83172E38CF3C0FF38AC0B2B5DDF38940607183C123F2AE974DD227055C3479E0000FEB4732EA4AAD293B58EE3419951C11EA08C9AF963F6A586DF5AFDB4BE0358F89250BE15927B5C86E1771BAF9F713C738881F6AFA874AB79515371191D31F4AF0EFDBC3E16CDE2DF8496FE2CD32D5E6F107852E05F24919C910647999F5C6D56E3A6D35F5B9454842A2BBDCE3A976F53F522323CB5DB8DB8E314ECE2BC47F63BFDA16D7F695F821A2F8B238D2DB50506CB51B443910DCC780C07B10430F6615ED7711B4B04888E636652038E4A9C75AFB939C8AEF53B4B089A5BABA86DA25196796408A07B935C80F8E9F0E1AF8D90F1FF860DE6E09E40D62DF7EE3D06DDF9CFB57E3D7FC1423F66DD63E0159DBEADE2BF8B3ABF8D75DF115FCCF63A7CD1B88D2056CBBC8CD21008DEA00550327B015F0BF9AE0FDE3401FD4CC1AC58DD426686F209611C992390328FC47155ADBC59A25ECA22B7D62C2E25270122B94663F8035FCFB7EC5DF092E7F696F8B0BF0EAEFC6DA9F85EC6EAD25BBDD6B9904CD100766C2EA3EEE7939E95F75EBFF00F0466D3F4ED32EEEBC31F14359875B8A367B43796E8B1990005773210CA320E48F6A00FD31570DD0E7B53B35F9E5FF0004B9FDA2BC69E29D6BC67F08BC77AA7F6EEA5E15CBD9EA2F309A431AC8629232FF00C6036D21B24E091E95FA1A6800CD04D149400B9A4CD2D1DE803E57FF0082867ECF9ADFC7CF82925BE91E279F448F4413EA97160916F8F5111C44AC6D820823071D464F22BE21FD96FF006B1F807E14FD97B5FF0000F8D34C5F0978835D82E34AD46EB44D3E49DEEA268B625CC8C73F3FCCDF2E7195E9CD7EC14D025C46C922074605595864107A835E28DFB117C0892F2F2EA4F85BE1D967BB94CF2B496BBB2C4E4E0138033D8605023F9D7BED383EAF756FA699750B712B2C12888869533856DBD4123071EF5D3E97F03BE22EB26DFEC3E02F135D8B8FF5261D22E1849F42139AFE90BC2BF083C0FE068963F0F784344D1117A7D86C2288FE6AA0D754B6E88000B803A5033F133F65FF00805FB5D7C2D8B539BE1F7805BC3575AB22C73EA9AD5B410DC2C43A22999B28B9E785C93F415F6AFEC4DFB0CF89FE14F8FF0058F8A9F16F5887C47F10F5256484ACA67FB2061891DA4200672005181803815F70AA05E8314B40ADD4451B540EC29692945031334B494B40099A5A4AC6F18F8C746F87FE19D43C41E21D421D2B46D3E233DD5E4E709120EA4FE83F1A00D9CD2D60F81FC75A0FC4AF0B58788FC33A9C1AC6897E9E65B5E5B9CA48BD3BF23041041E8456F500266969296803F139A02EFB72719C027A6690C2A8A17264271ED8E78AE8F50D2A3373B623B31D80E2AB47A41628723A0F949AFCD14EEAE6CB4DCD2F0B2471612456F9C64F23007FF5F9AED4DE81018D30324718ED5C45B584EF70C44A20450060E393EE3AD75B616A3ECE84CE1B8E8071DBBD79D595FDE3784BA58967BBF3BF77860E48DAB838AD9D3747D4DD044B6B2460B64B3E401E95A9A4DE58D842920B75666E4C84720FB66B4BFE130B08B765B1E840CE7F4E2BCAAB5A6B48C46A106F5916746F08B46A1EEA5FDE75DA86B5DE5B7D09625612624709F28CED38EA7F2AAD61E20FB422ECB4B9284752B8FA724D3F53B9B7D52C2EA356FF0049B560EF138E57033C7B60F5AE684AA559FBFB1D1EE423686E76BA6A03B49C30CE41ADF6B18351D3AEED6E2313453C2D14919190CAC36918E9C826B93F0DDD79F6503960C4A853CE707A1AEC2D2E4AED240453D73D7EB5F4B973B4B97B1CF575B33E70FF00823878D6DAC07C54F02C93F977169A8A5FDBDAC9C3F97CC4E71EC56307EB5FA660E466BF2B7F662D46CACBFE0A9BE31B6F0FA5BC7A6DDE993C772B6A418FCC5862673F28C03E6A9C83DF35FAA4AB8AFD4E0F9A299C2DB6CFCEEFF82CE7C36975FF00839E16F1942108F0F6A260B9523E6315C00063D83A2FE75F91BAC781359D3F5382D974DB995AEE08AEAD8436EE44B148A19590632C39C679E86BFA1BFDB0FE0FDD7C74FD9DBC69E0FB050FA9DE5A092C948FBD3C6EB222F240E4A01F8D7E6EFC37F819FB6978CFC07A2FC3DB6865F0178634AB76B54BDBD68ACE668B79608654DD3300588006063D6A80F963F64BF8C107ECBDF1FF004BF18788346BDBC8F4E8678A4B089364FBA48990637E304161F857DE7AB7FC1523E2CFC47867B2F863F03F519AE265290DE4D14D7BB091C36C440A71EE715EE7FB2CFF00C1347C07F02DE2D77C4C57C75E32750CF77A8C21EDADE4DDBB7451B0FBDD3E76C9E38C57D8B6D6515A461218D2241D151400295AE1A1F9CBFB007EC9FF001B7E1DFC69D4FE25F8C974AF08E97AE24CD7FA15B246659D9FE640114110A866CE03678C11CD7E9076A5C5729F157E25E8BF077E1FEB5E32F114B243A369101B8B968632EFB72000AA3A924803EB4C0EAA835C77C21F8B1E1FF8DDF0FF0049F19785E77B9D13538CBC0F2C66370558AB2B29E843291F857654005252D1DE800A4A5A3BD001494B45001499A5A28013A52D18A3140094B498A5C50025795FED4DE009FE28FECF5E3FF0BDA406E6F751D1EE12DA11D5E655DF181EFBD56BD53148DFA5007E7B7FC123BE36C77FF0EB54F83FA9DADD597893C2B3CF72D1CEBB4186494EE5C1E43239208F7AFD0A1CD7E62FC3564F84FF00F057DF18695FEA6D3C536B2CA8BD0334B6F1DC0FFC7D1EBF4E5395CF5A5D405CD2D2629714C0FC5A93C497031FBB200E318EDC7E3578EA50DEB7EE64459C479643D40ABBAAE9C2E2412C602B119D9D33FA5731671CD61E2D31CD9659530A09E808E063EA2BF395CB515D2D4E3E6945EBB1D3DAC57834EB8910A348A8CC8AC38623915D6F8692392D2CA61395F3D571F3756C1247BF435C8785FC496B7B6B2BCF88BC83B1F3D0F4C11F9D64EB3E248ADB478AC2DEE1D5EDEE1CC72A7181C95F71F977AE59519CFDC3A61594753DABC110C36975AAE9B29329867DC3CDF9B28FF303CFE35D71B7B72A408232B8C72A07E1F4AF0DF0FF00C4E81AF2DF55915FCE785ADEEA345CFCCA7E5607BE463F335D0D97C50FED7B4B94166DF6857FDD85207C9D8924F5EBD2BC0C4E12B39E88F670F529B89EAD3EA96FA65A896E1B11642870338C918E9F8572B7FE24B1B7F195B6A36CF15D432C4D6D71E5480B9DC3818E98C85E73EBF8F935FEB5ABF8967FB0DC5D3CB97CF93B86C00739F4C0C575DE1FBAD2B4681143091C94CB3F4DD9C6483E86BBB0797AA6EF3776CE5C4625E9A58F4BD2BC432588B63085E493CB63838A9BE2E7C671F0DBE14788BC44CB34B2DADA958BECF8DCB2B9088DCF1856607F0AE321F165BDFDCC6A2211C8D921557A11F797EA33D3D39FAF21FB4F6A12C7FB3BF8B7CA11B0686242B2F4DA654048F719E3DEBE8B0B8650AB14D1C4AA396A7A17FC11C3C07756FA0F8EBC61AD6837D06A3ABCB01B3D6EF62F96EA025CBF94E465BE71F37247DDAFD29C57CB7FF04CF8160FD8D7E1F84BB6BC5686E1B73A6DF2C9B99729EE01C8CD7D495F7FE83129A645076EE19A8350BA161653DC3B6D4890BB11D801935F911F15BF6BAF8BFE3CF8917F2E87E26D4B49D2598AD969FA54E2DD54313E582CB82C4A8C9C935CB5ABC68E8C0FD7CF3973D4539A4503A8AFC86B8F895F1BF5EBBB2834FF0014F8AE69AEEDC25B2C5AC48826BAEEAA370E413D3A5739E22FDA2FE3C786964493C61E22B74123593F9D7DE66DBB5C868F27241047638E2B9E18BF691E68C74319568427C927A9FB381F71C578EFED93A7DAEA7FB2C7C5282F066DCF87EEDCE71D5632CBFF008F015F99FF0005BF6E0F8B3A778D74E9352F155F6AB6B2E375B6A120963383B5D4EE3C72472083CD7D41FB5AFED1571F19BF670F16F847C13653378975158ED26B698A15784B8F38236E1F36011C81DE8FAF52A72E5ACF95F9FF0099BC17B4D61A9B5FF0487D5AF350FD92A2B6B95FDC58EB57905B367394255C8C76C33357DB46BE61FF008273F8120F86BFB2AF8534C2F27DBEE0CD7B7D14C9B2486E2490EE8CAE7236E00E7AE335F4FD7A119292BC5E80D5B462514B477AA109452FE3477A00292968A004A2968E940094514A280128A314B400941191462A0BFBA4B2B49A773B638919D8FA00326803F307F6A8B892CFFE0AB7F07DF4980A6A061B04B891B21645324C1BB7FCF32477E95FA87103B067835F945FB1AE9FA8FED9DFB7078A7E30F8A2E14D8F84A6536362B9DABF7E3B645F640ACE73D58E6BF57C0006050014B498A5FC6803F1E6D64D4AF6F822451491A9F9F2ACA08E70413DF39EDD38AE73C7D72DA76A76D0B5B62E047B8383F2E0938C1EB9041AF4CB08FCBB88E46FE2055B765BE9DF03F8874EF5CDFC55D15AE6CAD2E230A1E2728EDD0807FF00AE2BF30A1557B549A157A2B96E8F2BD3EEAE2D6577462778C3861907FCF1497E8F72BBDDFE70321508C1EA7AFF009EB44809658F27B8E074ED9F7A6DFDC4304788D645E00CBE339EFF0081FEB5EDE97D0E4A71BBB325D3F568ACECA58BE549DBE759194B73B71820F4E39E9FCAAB8D767B98BCC49A4BA8616D8C37615739C7DDF7F5F4F6AE735093C9DDB4EC18CE08CF5EDCD3742BC5D2AEA20B29F2DD46F860600C9C70391C75ACA54A36E6EA7B74B45D8F51F085F9D422BA5411D9B041033E4B6D53927BFD3A0E80FD2B67CB82CDA55799A5622547593E551FBD2CA0A8E705B386191815C25A4D269693FF00655EB4826700E73194233C8C9E4F7E983F438A824964D91FDA2EC7988565558CE48C0390074C63D0D631A4DCAE9D91C35528C9DD5D9EB96DE2BB4D8C51833B9DE7CB39DCC0E5CE470D9231D01E0D61FC67B59BC79F06BC49630481A74816E510BE73E5B0908FC830FCAB8ED1E33132AC50BAA0240F31B3FA0E9C7A9ADFF1278CA0F07682ED76C91A5D06845BA0F9E40460855EA6BD0A6E34E49ADCE26E4D9F66FF00C1387E3A7876DBF635F0E3EBB7F61A2FF61CF71A5B02E14C9B1F7AB6DEA58AC8B9C77AF4BF11FEDB9E18B3764D0744D57C42C0E04B1AAC109F7DEDDB83CE2BF31FC09E0CF13F8CBEC367A3C30F847451C43940F7183919DA785CF7C0CFD6BEB9F87FFB30F848D9C4DAB2DCF88AFB6E249F5399A50C71FDC3F28FC057AF3AB56A4BDCD11353136D20B53B1F891FB606BFE3BF095F687A1F87EC3439B5285ED64B9BDD7AD99D11D4AB055DCB86C1E093C7A57C97A37C26D57C3974D791F85750B9D8C2417368AB74808180731B3741C0E3A1AFA03C6FFB3D78374E8642BE1FB18225655DD1C00E0B1DA3800FF785784FC6CF84D1F82BC1F7FE20F083CFA06B96004A9369CED0B301D41DA79E2B96B529565CB391CD4F1F2A551391EABF093C63A4E8FADD8BDFE9505E4F6331963B5BA0D1490BE7EFEDE3078EE2A1FDAA341D17C59E15B9BDF087870DA5C493B6A3711C3967339FBD20E793DF8AF923C0DFB76F89AD24B6B2F1FE9565E3ED223230D7ABE5DEC206798EE07CC0FF00BDBABED0F85BE31F0CFC64D125D4BC03AA5CEA51DB279975A06A4A06A766BC82400713A67BAF35E4D5C3637049FB3778AE87D3A9E1317A6223CB27D51F994B797369E25814EF84C53728D918248C8FD2B6B56F89BAFF00827C7B7B75A5EA12431B4A256877131BE4024EDCFEB5F52FED07F08747F149935AD2E08AD7C4117EF4941F25C01D9B1DFDFAFAD7CAFE294B3F11A4C2E208F4CD4E16D92C6E7665857AD4B154F1714E50E9668E79D0961DB8C6575D19F68FECBBFB665C6B5A85BC46F5B4AD69401202C4C530F471FC638EA791FAD7E997C30F89D67F10B4C2E83C8D461C0B9B52D9284F461EAA79C1AFE743C3761AC68FE20B5BAD3E48E1B98A406390CE8075EE73D31FCEBF477E0EFED47A6F8221D1B5CBFD6ECA1D56C1963BCB45B956FB45B9C6F4DD9C138CE3DD45723854CB31317475A52DD76F33AE13A78AA6E33D271EBDCFD4E56C8CD2D60782BC6DA1F8FB41B7D5F40D56CF57D3E6CED9ECA659173DC707823B83C8ADFAFAC5B1E615353D5ACF46B63717D750D9DB8FBD35C481107D49E2A1B8F10E9D69662EE7BDB686D08DC2792655423D77138C57907ED5BFB27F87BF6B3F09E95A1788B59D5B47834DBA6BB89F4B9146F62BB70EACA4363B771CFAD7C6D73FF046B8858DEADF7C5CD6350B0B68DCE9F65F610A10E0950C5A5618CF5DAA2981FA6D0CCB7112C8843230C82A7208F5CD3F35F9FBFF000484F895ACF88FE1B78CFC1FAEEAB73A94FE17D5162B5175217686DDD0A88D49E42868DB03B66BF40A800A33ED45140051494B8A003BD0292971400545756C9796D2C320CA4885181F42306A4AE0FE3A7C5ED23E04FC2CD7FC6DADB1FB0E976E64F2D4FCD2C84858E35F7662A3F1A00F803FE096721F007ED1BF1DFE1D4C0C66DEECCF12375FDCDC491FFE8322D7E9E57E69FF00C1293E19EBDE2AF18F8FFE3BF886DA484788E7960B06981CCBBE6F3277538E543054CFAAB7A57E965001F8514518F6A00FC985BE48C33E7694C301C718C71939F4C74EF54F58F19DABA43650817339032C7EE2E0F19FCBA7BD71D6FA84BA8B5CBEA4D3C80B65445B7CB27A9E7818F4EB4E966B0859D2D2D5210C726439793A7E43AFBD7E672C3A8CB5294A75BE1473D79E1CBDBBBD9CA0544DE7667A7A7E3C0156EF3C316834A52C259A65203BA303B9BD157AE3B55CBA98CDF7A2383D9DCE00EDC557666895B7CBE5A1180230140FEBFAD6B52A4F6B9DB43072BDE4635CF82ED6E8B9F2E5871823CC6183F5C1C8AC9D4F4CD3ECDC5BBC656E1732ACA80202CA339C9CFA9FC8D6B5EF95701CA4C5278F01658D8861C75CF7ED58736AF776123BDE429728A3EFB7191D39F5EBDEB6A4E7276676544A92B136877D697B7B2E37C922C7F2E327DB391803FF00AF5AAF25AC6CA608327A6EDB83C9E71581E1882F350B9754D52C74B85C91B590025720E00E33F9E6BD18783E2B50D722EE19A308D2BB118DD8E73DEBAA5683B33E7AAD64E6DB39CBEF165A783342B9D5EF6246995BCBB5B6CF32B91E84741919C7A51F0FFC1F79A86BB0F89FC5D225D6A5791896DED8AEE4817F8540EC71CD78D6B5AD378E3C71BD1B7E9FA7B84890E4866CFA7B9FE55F44D85FB5F782FCCD8AB7B64048A47195EF9FAE0D7B586C3A82E67BB39AAD6B688FA57F673F03A6BF69AD6B8CB98ECDFECF001C8DCDC93C7A0FFD0ABDE7C2BE1E9149006EC9CB0FF0AE27F654B68FC27F0464BCD4A51B2FEE9AF72B8258305555006727E5F5AEAA5F8997704C4D8DB5B59DBF6F372EE79E327200FA62BBA4E14DD8E08D352B36C77C55D1DA2D04384C91341DBFE9B2578078E9ADE4B4B9B6B80AF14C190A95C8191DFD7AFE95EE7E24F88CBACE813C1A95A2B30789964B33D31229E549FD735F1E7C74F1CDF69B777296F6C2DE22C0609DC73EFD05714A516D599E7E3A0D4E2E27C19F11FC1B3F853C5DA858AC5208439922C8E769E951FC3EF1F6BFF0D3C4569ADE83AACFA4EA16CDBA39A172AC0FA1F51EC6BD93E205EDB78D6D1AF7688EF2DD769507248EE3E95E0777A6B4524839C8391EF5EB45A9AD4F5B0D55D68F2C96A8FD3EF867E30D13F6ABF054BAE5A411699E34B08C7F6C595BAE56E93BDD46BD770FE203A8FA0AF99FF69FF80F347A649E20B0801BAB45DD70231C4B1F67F7C7AFA579D7ECC1F19B52F835E39B0D4AC9B618E552C189C3A9C0653EA08E2BF49FE2168DA3F89747B5D4F4F48E4D1359B31756E0631E5BFDF8FF00E00C718EC1D6BC4C6D1FAA38E268FCD1EB602ABAB52785ABD3667E36D9974BB428AE58741170DF81AD3D46EEF1D14C82F146ECFEF9B23F957D6371FB056B536A897715C31D26F6ED92D5AD977BED3920633E82B625FF0082796B4F37931DDDDC6FB5A5C5D420290BD7904FA8AF66338548A9A679F5312A9D474F95BB3B6C7ACFFC11EBC73A95DF8D7C6BA4DD6A18D2A3D2E2B8F25E552A6412850E38CF0AC4139C6303D2BF5174EF10E97ABC934763A8DADE4909C4A904CAED19FF006803C7E35F8EBFB37FEC8B1FC726F12F83F4FF00110F0BDC47B27B8D5B4E4762F1C6E14C61772FDE2E09EDF2F4AFADFF00675FF826647FB3CFC61D2FC6BA67C4BD62FAD2D5089B4C684442ED8A91891958829920E31DBAD145A69D8F4BA5CFB84B851C9C57CFBFB6D7ED11A37C07F819E27B8935DB4D3BC4D7FA7CD6DA35ABFCF34F70CA554AA039217392DD063F0AEB7F697F859E2CF8C3F0AAF3C37E0DF194FE05D6A696371AA5BEEDDB01F9A32CA43283EAA41E2BE4DF879FF0490D2D3C5D65E21F8A7F10B54F88F24043B58CCAF1C52907215E46919CAE7B0DB9E6BA00DAFF008246FC1B7F027C08BEF186A16D7506AFE2DBC337FA4A6DCDB4791132F7218976C9EB915F77F35534AD2ED746D3AD6C6CEDE3B5B4B68D61861886D48D00C0503B0000156E800A39A28A0028A28C5001451462800AFCCBFF0082B8F8EF50F19789FE18FC14D1652F79AC5EA5E5CC31F566790436EA7E61DCBB608EC0E6BEF4F8E7F19F41F80DF0D35AF197886E04565A74459620C03DC4A47C91203D598E00FCFB57E7B7EC47F0C3C61FB5B7ED0F79FB4B7C4202DB4EB1B82BA3597958495955910267F82207AF566E7B5007E8BFC2EF0768FF000A7C0BE1DF05E9861B7B7D32CA3B58211852E1140660BDF272C4FA935D957C65ACB5C78A7FE0A83E1AB505A2B4F0CF82E6BA219F895A590A703DB78EB8E95F66D01B894B9FA51462803F112D2E5A4B359AE24C631812375FE94D975B82D8305FDEBF4FDD8FF3D69D0F86AEAEE6DDB4C480138393CFA7E9EC2B44F82E2280B3BAB0232C401FA0FA77F7AF8194E9A7766DF589455A08E63FB4AE6EA7053E467E1547F0AFD7DEAF49A36A5AA7FC7A5BC92220392178E87B9E2BA0D2A386D6E9B4FB4169E6E33F6A61BE4192780075C63FCE2A3D60EB1E10818EAD7F20B59B28B247D1B8279418F9BDC9AE694D4A5CB1DCE855EA72EE72B71A55E5832A3C2EF21C13B482AA3A75FC2B2F5B6536ED631219259172C58F24F7C7D3153EA5E320D148B6F1DCDC6F3CB4EE573F82FF008D71FA86B5A84BBD616F24376857603F88E7F5AF528526F596E78F5715394AC4F6F697DA406699ED6D117A35D4E138FA753F80357352F1B9B7F086A46DAE2290A44439B68DE3507B7A6EE71D4579F6A304921FDE7CCE79396E7F53565914783F558390AFB031EDF7D6BD5F629D9CB539DFBCD39177E1EE8C3FB1616651BA7669724E0F50057B3787AE1ACE25C9CA3655811C6DFF003F8F3DEBCE7424367E1CB091531FB9531927D5BF2CD74FA5EB373F65B555B276123798C448AC0E3181D78EA2BAD4AD2E67B1CD593BB67D85F04BC492EABF0E349D39495834C9E6B62872392E5949F60AD8FC4FAD7AA4488CA4C30F9B274257B7F857CDFF00B3D78B645D5EF2C6EACDA28AE4893865C6EC004E33F4FCABE98D16F24D32F2396DA2883AF432C6AEAC3E8735C739A736C9C3B4EE646AF035C5BAC72F920BC8BB4127248619C57827ED17F0DF5316BE64BA74B1F98B9492489807FC08E7A8AF78F1CDB5D788BC4171AA5DC892993CAFF4244DD12845DA3E43C63963CF726B0F5BD5352D3FC3D069A5A4BFB5822F2638A458DD91739E49C1C0E3A1EC3B54CD534B993D478AA719437D4FCCEB8BD7F0D6A92C73110480822361DBE86A3D57C2F17882CE5D52D2D56068F1E640BF4FBC01ED9CF4F4AEF7E3AFC3794EB7757E9657109B9767E7CB0A33D87CDC0AF0D9B5FBFD2375B4524F1E4E1C6E1CF1FE7F3AF4A94AEB439E953954B383B32935B8B49CCAAD845ED5F727ECBDF1865F12FC069F46BBB82D3F872FC08F7B722DAE06CC7D049B0FE15F035EDF3CAED8C80DCF5AF6EFD96B5A6B31E36B3DC0473690F373FDE8995D7F55A58C8735168F6141D36A69EA8FA63C57FB6A6ADF08DF4FD162D360D52D4B9997CE272077C11DF9ACBBFF00F82926A5E4C8B0E871C25E16512BBE5909C6315F2BFED07A835EF882D7E7E515B907DC5794B92768F9BF3ACB09422E846E6B89A2EA5673526AE7E9BFFC1267E205DF8B7E3AF8E92EE58DCCFA43DD048536A27FA4440803FE063F2AFD575E82BF1A3FE08EE2FA0FDA47592B6EE6D67F0E5C248E17E543E7DBB024FBE315FB2EA3815E84159B2E9C1423642D145078E6B5340EB4553D4B56B3D22C65BCBCBB82D2D621BA49EE2408883D4B1E0578BF85BF6DCF829E32F166A5E1DD33E2169126A1608CF334B29860DAA70C5667011F1FEC93401EE947E355F4FD46D755B386EECAE62BBB59943C73C0E1D1D4F4218704558C500147E3451400547717096B04934AE1238D4B3331C00075269E4E3BD7C0BFF0531FDA86FF0041D36C7E0A780A67B9F1BF8AF65BDD0B46FDE5BDBC8DB4479ECF2138F65C9EE2811E29F1A7C53AC7FC1497F6A5B7F007862E6683E12784E5F36FF528C7EE9B6E44939E464B11B107A64E39AFD48F05783F4AF01785B4CD0344B58ECB49D3ADA3B5B68231C2C68303EBC77EE6BC6FF62BFD982CBF65FF0083F63A118E09BC4579FE95AC5F44399A73FC20FF007506140E9C13DEBE810B8A4163E40F1246BE08FF008295F8435028AB0F8C7C1B75A7EF23932DBC9E68E7FDD02BEBF56DC335F1FF00FC140A1B9F03DFFC21F8B963208E7F08789A1B7B8CA6435ADDFEEA5C9FA7F3AFAEED5C496E8CAC181E723BD31AD097F1A5CFBD145007E4841E0AD76F0281325BA3104B2A7DDE3AE4F3EDF76B524F84F63144F77AAEA773730C63F78A09D9F881EFED5475DF8876D65A9D93D9DFC97EAD29122C076C718E985254073D7A938AA179F131ADC84D3B4FB67DEDBE6964667777EE7A05DDEF823D3A57E3929E2A766B43D786162CDDFEC9D3744B58CE8BA3F932CCDB62B9BD0220EDD80DDF39CF3D0579C78EF531E2CD052712406282F16231468D9078E72C7A738FBA3BD47E28D4E5F12EAB2EA776E629593CB408E42A803A019FE55CD9B59A32CB0DB4840C12D27C8A79073CF3DBD2BB70D4ACD4E4FDE2EA50B2B1CFEA2238A5F2A28F73938031819EBD6B06F1CCA3FD68040DC4AAF4F6C9AE9A6D36E6EEE1DE4296E413C46BF374F53F5ED59975A2273F2176F56626BE969D44EC785528F2BD8E7E2B2469FCD962C123E4EE4FE157F56B56BDF0DEA51AC5E5B491AB9627972181FAF6A92C4DD4B3BC76F62F88CB032005F047AF18C56FE8CAD24C63BE98B4571FBA95428F95181070075EA6BA2551A92EC70547CA50F0C5B9B9F05D84CD18748818243804820E47047BFF002AD0B18CE99AE0D3F1B846E55518F241C118FC08E95E89E00F85F73AD34BA0410F9B25EEE30AC793FBE5E08C7BE062B97F1F68B7FA7E9F6FA92DABFDBF47CDA6A516087450484761D78FBA4F6C0AF629C3DAC74396B395CF41F0FC92E93756D7F112B246C083D01F515F4B7847C6B178834D86581779C00724E73F80AF87BC31F13A2D5552DE49587CDC296CF3C74FCFF4AF6DF87FE2C5D0EE639A20AD0C87F789B71CFF008FF8D71CE9B4ECD1861E51A152F555D33E93BAD551A31BC02781C30EE71DF06B9DD56E621C3EE2A3A7CA4FF2AD3D2B54D335DD352E2DE71B188DC3CCC907238C5432F85EE35EB992DAC11AE660BB980DBF283DCE7A560E9392D11EB4DE16A2BC6E8F01F8D7656979A54DFBB2C1B3B988FF001FF3CD7C47F123C1573A40376F0BC68FC00C791F857E9FF8AFE0ADBCFA4336A970CF3673B22202FD09C64FE18AF87FF69C47D16E64B5570EA8C490DCED3E95BE1EF09D8E0A6A30A96A773E5166C70792062BD3FE08C8F616DE2CBEDC11069860049FE296448C7FE846BCDA68C48CCC30371FA57A97C32F096ADE22FECBF0DE8B6935E6B3AFDE470C16F1757C70BF86E6C927A0527B57AB5F5872AEA7AB6E6B1EA9FB37FECB5AEFED81F183C865B8B2F06E98C0EAFAC2F1B075F2A3C820C8FD00EC3E63D307F4213FE0917F02C28DC3C46E4752753519FCA3AF1FF0F7EDF7F0E3F62592D7E0DDAF86EFBC4F6FE1D87CAD575ED2E68D7CFD498EEB8C2363700CCC3716CF0001C5686A5FF059CD32E6EC0F0FFC25D7B52B46CAA4B3DEA46EEDD8054471FA9AD29C5422A28E87ABB9F6E7C11FD9D3C07FB3E68D2D87833441A6F9D813DC492B4D34C067019D8938193C0C0E7A66BD2CCA83249C01D6BF347FE1BCFF006A8F8A076F807E004BA6DBC9CC775A85ADC4C3D8EF7F293FA553D23F61DFDA73F6878E4D73E27FC63BEF058BE95E493C3F6D7134C205C90008E3956251E83278EB56925B08FD10F14FC5BF04F81E367F1078B745D14019FF004EBF8A23F93357C5FF00B40FFC1573C31E13D56EBC2FF0AF4693E237884A6D8EFEDF26C5653D94282D2E38FBB81DB355BC2FFF000469F86F68EB2F8A3C65E24F13CF9CB1478ED558FF00DF2EDFF8F57D47F033F64AF861FB3B4330F057862DEC6EA73FBED42E1DAE2E9C6318F31F240F65C0F6A607C1BA57EC9FFB507ED9D750EA5F197C652F83BC27348255D1170AFB3A80B6C9845383D6424FA8AF50BAFF0082317C2696E20787C49E28B78921D92209E166924C9FDE1263E3B70076AFD0311AA104003E94EC50071BF07FE17E97F05FE1B683E0AD164B89B4CD1AD85B4325D49BE571924B31F52493C0C57658A28C5001494B8AF9C7F6E1FDABF4FF00D96BE125CEA30C89378B7520D6BA3589C12D291CCACBFDC4EA7D4E077A00E57F6E6FDB7743FD9E3C03A9697E1ED6AD2EFE24DD279361A7C5899AD9891996551C2E01C807A9C715E57FF04F4FD8D35683545F8E9F169EE754F1CEACCF75A7DB6A3B8CB661F399A40DFF002D181F947455C6307A647EC11FB06DAEBD616BF193E3059CBADF8BF53BC1AA585ADF4A5D1232032CB3211F33B31DC14F0005E2BF4852358D76A80AA3A01D280140C0C528A31450078F7ED69F0827F8E7F00BC5BE10B2609A9DDDB096C5988005C44C248F93D32CA067B66B8BFD8B7F69EB1F8D7E098FC39ABCBFD9DF11BC3318B0D77479FE598491623330181946233C742715F4A6D07A8AE1E0F829E0BB5F8A43E225BE81696FE2EFB1BD8B6A50028F244E4160E070C7207CC467DE811DC52FE746299E68FA5033F1561F0DDE6A2A48852308D90C7E66FAE0631F9D6BD8784DA501E779646CE5973B547E03DFD735CED95D4FAA585B09A5797CBF320932701893B95B0380718AF59F0EABDD5AB899089B686624633FE4E6BF26C4D4952574CFA5A72E6B1C9DFE90B610492A468240A7058F538E327AD723717F71796F725A4F28C651C084632A78604F5EB9FCABD7755D27CDB73C03918E9D0570975670586A1F67FB2382582348C7030C091F8673DEB2C3D6E7F366B338C1BE329112C38215C924B73EBF88FCAB2B589A7D3D8188C6548C0DE81BBFBF6E6B7EFAE27525E5B508883F8540C3E4F7EFC5737ACCF35DA9C46A23CF210E4FE75EED16DB4DA3C6AF15B9CBEA7E21D5AF15E29AF65551CF970FC8A7F0029DA0DF6D7209C375269B71190C92A12AC7AB638E3B532CADA479018E3675E72AA09AF6D38B56B1E0D58AD4FA53E0E78F7ED76C64B5BD5B2D5AC8298A61D4301F23E3FF001D3F8554F88DE239BC63A8EA3AF44912EA92EE8F55B24C88EE3B3311DF39278AF13F0C5CCFA46AA5E06313FA7A83D411E9ED57FC5F79AAE952AEB162A648872CA7E6C2F753FDE5E7AF6CF3EA77A5370958C6DCD051EC70FAD694745D49A7B0CC7699C9594729C9E33CEE15D6F83BC5B2A4DE59BB83675C873F9F4ACB6F11E97E288D938B4BBCE1E29180C9EE56B89D6B42BCD3AE1A481DB1C36D39DC3A73CFF9E95ECC311523B1CCE8A9E923EA4D37C57A9595BDACB61AC451092E60538958AB66419E315E827E276ADA520BB82FAD629E3E432B3A904FB815F0D5A789B55B3212469772B211F31C615811FCBF9574C3E26B5BC28CF76632A09208EA481D7F1CF5AE958EAF04D46DAF9233FAA5B66CFA77E2AFED75AB43A0A452245F6FFBAEE83863DC81DBB7E3DB8AF8A3E20FC49BDF1B5FCB717B33658E4A83F2E7E959FE2CF15BEBF79279064B925B3BCF403E9587A27876EF5CBDDA06D8D7E791D8E1517D49E82B87962BDF91DB46872BBBDCE93C21E069B5AD3E5D62E9D2D74CB727E77600BE3AE057EAA7FC136BF6635D0BC2173F13B5CD3DECF5FD5A27B7D05674C359D915C09803D1A4249CFF00740FEF1AF15FD89FF628BAF8CC345F12789ADA6B1F8716138962B4950ABEB4EB823008FF00519EA7F88640F5AFD65B5B68ACEDA2822458E28D422228C0503A003B0A5494E72739FC8F5A6A1A282D8F88BF61EFD856FF00E0EEAFF1135BF8A165A3F8935AD6AFF6DA5C4AAB741ADC333B4843AE14BB3038EBF2F35F6A58E89A7E9B0C70DAD95B5B451FDC8E1895153E800E2AF7145761026D1E946066968A000514514000A4A5A38A002938A5A8A79444ACC48000C924F0050070DF1C3E30683F027E19EB7E34F114E22D3F4D88B88C1F9E790F0912FF00B4C703F5ED5F9B7FB2CFC0EF14FEDF3F176E3E3A7C5A94C9E10B2BA65D2F453CC739460562553D225C8C9EACC3EB517ED01E35D6BFE0A37FB54E9DF09BC19337FC2B9F0C5C19B51BE8DB0936C60B35C1F51CF96839E5B3D0F1FA8DE00F0268DF0D3C1DA4F863C3F682C346D2EDD6DADADC12DB1147A9E49EE49A066F4512C28111555540000180053E8E9475A042528A28EB40094B4553BFD62C34B318BDBDB7B4321DA827955379C648193CD005B240EBC57E287EDF3FB6278C350FDA67C4BA6F83FC4F7DA3687A0EDD1D23B594AACB2C4CDE749C7FD34675FA28AFD0BFDBC7F6B4B5FD9C7E0F5C4DA5DC433F8AF5C0F67A3229DDB1B6FCF70707911820FBB151EB5F83B3DE4F77712CF3CCF34F2B979247625998F2493DC934099F78E9D04B1208D2DA3B42AA71B572430E3A9E0F0072077AF42F0CCB298A25BA7F359B38627A29C600FC735713C1C915D5C09E44B768651B81C1DC08CF1F85694B2E9D62D64B6E7ED251DBCD4C641F4C118C7E75F8857C4C6A2E548FAA8C6CAE8AD2DB49231D9192DE8A3B571BAFF83B53BABE2CB0AAAB8001761D473F5AEF752F15DC18B6D95A470A8E3730E47E038AE4B57175AB2AFF00A448C4FDF1BB033DBA7E559E1A538BBEC293B9C478B74F9B4BB431B4D6B3CA4E5D6373B893DF1FFEAAE02EF46BEDBE7490CA39242EEDA0FBF35EBEFE0690289D98452E7383C9C7A9ACBBDF08C31A34970D24EC067E638E7E83FCF35EFD0C4A4B4773CEA915B9E411D9406D8C93C33C922B7FAA030A47D696D9EEB52B84B5B7863B78BFBA8391F8D7A44DA22CA9C4400EC31DBE957746F0FAD94A6448D7D01C63FF00AF5EDC2BA68F22B42E62E83E048A15492EC799229C606073F5EF5E85A4F876CEEA24B492D90A3104673F2FBE6B3755F16E87E11B769F5BD420B755191193824FB0EB5E3FE2FF00DABE48E47B7F0A69CBB8FCA2EEE87EAABFE35E850A556AEEB43CE9C1AD8EBBE307ECD1A35BD94BADD86AB6FA48452EEB70C1141F6E83F2C57CE49AAEB7A5B3436BA85AEAF6E8781E6AB038F66C30ACAF1A78CBC47E2FB933788356B8BA73C88E47F917E8A3815C74254391E6150380C2BDAA345C159BB9518687A9FF00C2537CB1A35E784839FF009E8B14801C647F3AC7D42ED6EDBCE6D06CADC15DA3ED0EC307D705BFA5719F699DC055B973CFBD0B1CC79C3487FBCE703EB5B7B34B53550B1BB2DD5BC4844D73BE11FF002C6D1762FE2D8FE86BD2FE1B7C09F14FC65F0ADEEABE0AD434F379A49137F621915259981C8003F0C7001F9B83D2BC70584D771869A608ABC851C55FD1B59D6FC232C777A2EA37367339C66D64284FB714493B68F52DDD3563F59FF64AFF008295F87F52B6D3BE1F7C5E8E4F0478CF4F892D24BFBF88436B75203B464003C96231C1017D0D7DF5697B05FC11CF6F2A4F0C8BBD248D832B03D0823A8AFE6BF52D22E75F86E350D76E659F54B93BFCF958B49D38C9EF5F707FC1343F6DF93E1BEB4BF09FE24EAED16857040D1751BD7F92D2424FEE99CF447246DCF00F1C03574EA29E88EA71695D9FAEF4536391644565218119041E0D3BA56C405147145001451C1A334000A4A19828CD7CF5FB4DFEDBDF0E7F661B48A3D7EF25D4B5C9C3791A3E99B649DB6E33BF9C4639EADF866803DF750D46DB4AB39AEAF278ED6DA1469249A560A91A8192589E0003BD7E66FED59FB66F893F696F1ADB7C11FD9DEE2E6F6E2F6431EA5AF593796B246061D637EAB10072D2719C607BF13E20F891FB49FF00C148261E1DD03C3CFE05F8613CC1AE2F0878E3921CE3F793360CC7AFC8800240CD7DF3FB2DFEC7DE04FD96BC36B6BE1EB3FB66B93A05BED76ED41B9B83DC03FC09E8A3F1C9A00CAFD8A3F643D3BF64EF87D35835D26AFE27D55C5C6ABAA05C066C711A679D8BCF5E49249F4AFA3693818A5A004A5A3A1A3AD00252D1475A004AF8D7FE0A3DF00BC05F12BC0B6FE32F1CF8DF51F06DBF86629040D6BB658EE1E4C623109C6E918A8036907F0191F5678E3C6BA3FC3DF0BEA5E20D7EFE1D2F47B085A7B8BCB87DA91A8EFF005E800EA490057E14FEDC5FB61EABFB537C4264B5967B4F0369323269360C4A997B1B9907F7D87407EEAE075C920AF63E72D4EF5EEA6F285D5D5CDA40CC96DF6B72CCB1E7818CE01EE40E339AA7F951EF45066DDCFD62D4F42B877F3262DE61FA9C1A641A2476FF00BC2CCC40C8445C9FC6BBE92D95E32588E067DEAACD044B094C6323B7715FCF0AB4B63EE1A38AD42DEDC5BF9AAA76F04927927D2B2209A38E4C84DC33F771D4FD6BAED55D550C6005C70302B92B88899339DB93CE05765195F467254566497426BB427E5846DEC327F5AC79F480EC5DCBBB751B8F4AEA34F4570142E727818CD5D9F4BDD0B138C9ED9E95D54E4E2F951CB34B94F11F1D78FF00C39E028D86A37AA6E80C8B78FE690FE03A7D6BC0FC63FB4AEAFAAEF8340B54D2E03C091C6E908F5F4AA3F1A7C397B77F17B5BB7DACEFBD4AE4E7E52A315A7E08F8197BABDC46CF0EECFF000E383C74AFD330785A34A9466F56F53E7EB5477B33CFB4CD1759F1ADFACB7324F792BB72F23124FD2BABD7B49D33E1C6963ED08B36A728FDDC67AAFB9FCABEABD1FE16683F0A7C36FABF882686110C65D23CE09F6AF827E2278BA5F1878B352D40B1F2E495BCA5ECA99E07E55EAD297B69596891CFF1954BDCF883548E2890CF73712055551C927A0153F89F491A26AAFA786DEF6EAAB21FF6F193FA9C557F0A5C3596A3F6B0D246D1AE55A338604FA1AE82D3447D4A69AF2ED8942C5E599CE71939C67B9AEA94945A29DD3F232343D29E7632C8A5225E4B1EC2AC2137F7021862CC79DBB8756F6AE8E0D227D66D1DE1536761B82428172F3B7603D6B71F48B5F0AC50DBEC59F5994002153BBC9041E3FDEE6B9E557526EDEC71373A5482716710DD3B632179007A66B6ADADACF4D9846A0DE4898F3245E123FC6BA3B6D056DADA658A548E62375F5E9E444BFDC5F7FA562916F75BE6016CF45809C6EE1A63FD79AC1D473D2E6AB9924CB125A25DC8B31CF97901549E33EBF95711E2BFB3DCDDF909F34CADF2CAA7EEFB67D38AD7D77C6A8D03456B9556F9573D40ACFF000BE88DAE6A514319319723CC95B90A2952A6E9DEA4B4B1D5CEE7682DD9EBFF000BFE2C7ED0B042B37853E236BBE4E9C80C704D7CEF17CB8C26C7CA9E06315F5F7C29FF0082BA6B5E1492DB4AF8CDE06B94993E59758D1540DDE8C6163B7EBB5BF0AF08F0BEADA6F878D9F87B4A8C344B1969E656E49FF1EF59DE29BCB4BDB4B9B5B9B78A7B666C324CA1D7F2AF2A39BD5555C650BC7A1ED3CBE93A7752D4FD2BF877FF000526F809F10ECA7B85F1ADBF875E16C35BEBEBF64908C672B9C861F435DAFC53FDB2FE117C1DF0E695AEF88BC6364DA7EADB858B69B9BC6B8DA016DA220DC0DCBC9C7515F803E3CD32C22D79BECB02C08C3EEC5C0CF4AE6248D9A358E4919E38C921093804F5207E02BE9E9CD548A923C092E5938DCFD92F137FC1647E18DBCCF6DE15F08F8A3C5573D102C296C8DF9B337FE3B5CE2FEDF1FB4B7C4E18F877FB39DEDADBCBFEAEF35682E648C8C641DE4449E9DEBE79FF00826F5B0F0BFC7CF02C70C48926A2B325C9239657824600FD303F2AFD97D5F5AD37C35A7CF7BA9DEC1A7594237CB7375208E3419C64B1C00335A01F887FB407EDB9FB54F877C67AA7867C5FAE4DE05D492058A7D2F4EB48A1DA8E370757F9C9241E1D5FE86B8FFD8D3C7BF09343F8C716B3F1B74DBDD79E6983DB6AD77319EDA098FF001DCC24169064E776485EA54F6FB2FF00E0AA165E0DF8C1F0B2C3C5FE180F7FAFF87EE944F7F0E9770126B1705580B83188DD15F630C311CB11D6BF28C8C1C1A0967F4CDE0CF187863C416E96DE1DD534BBD8A3B78AE160D3A78DC2C320CC6E154F0AC3907A1AEA2BF053F616FDB1E1FD94BC6FA8CDABE8635AD075948A1BD9A003EDB6EB196DA622480CBF372848CE06083D7F68BE0EFED13F0F7E3BE870EA5E0DF1458EAE244DEF68B204BA847712427E74FC463D2819E934522B2B8054E41EE297340C28A3A1A63CE899DCC07AE6801F5435AD6EC7C3FA6DCEA1A8DDC163636D1B4B3DC5C48238E340325998F000F535F3C7ED03FF000500F84DF00AD2EE2B9F105BF893C4316523D0F45904F317F491C1D9163BEE20FA035F93DFB547EDE7F103F6A1074CBD78BC3DE12490BC7A1E9ECDB64C1F95A790F3211D86028EBB41C1A04D9E8BFF000518FDB897F683F1027833C197B2FF00C201A5CBBA4B85CA8D52E01C798475F2D79DA0F5FBD8FBB8F88E8A28336EE1451D28A00FD9F7955383E9DEA94F2EF0480147F5A64AFB810D9C76F5AA8D2EC6F9986D1CE07E55FCE8A2D5CFB4E66D15F508B2AC493C0EFCD73B756E57F78C3DC6466B7AE2E114904854F5240FCAB88F19FC48D3BC396D234F70B1ED07F8BAD7A585A33A92B25738AAD44B734CDF2D87CF2B22018393F4F4ED5E6FF133F68CD27C136EC37F9F3630B1A75FF3FE15E07F153F69192E2796DF4A90B1E9BC1E2BE7BD5359BCD6EEDEEAF266964639E4F4AFBFC0646A5FBCAFB763C6A98893D11EA33FC713AF7C528BC417B6AB0DACBB629E34E494CF5FA8AFB1E4F88FE15F0578660D42CAE22B84962DF1C91B67231C7E35F9B478E9C1F5AEB2D758BDD4F481650DDED68C13F679A40AA47FB24F19F6AFAA9E192828C3448F325193773B2F8DFF001C754F88BA9C90BDC3ADA2B10B1AB7007BD792416CF7527CA739EA69D1DAC92CDB58156DD820F526BD1BC19E046BA4FB65C8105AC437966E8475FE95D318C68C6C84DAA48A7E0BF09497713CB39582D623B9E46E0FD335BCB10D7E509146D0699090000BCCCDC6001DF356E5FF008A8A75B5B4430E990F1F28C79ADFE7FC6BB84D2E3F05D925DDCA21BC0A05BDAE388C1EF8F5E3AD73549B4FCCC1B72DCCABAF2FC3B024B20CEA4C365BDBC632B0A9E981FDEA8B42D0FCA91CCB287D5251E65C5D49C8B743D467FBD4FB20F2DDB5CDC8136A528DC89D440BC9279EFC56578BB50FB60FECAD3DCC767BB33CE0FCCE7FDA23F1AE595E52E55F79B43477657D5B518B5A95AC2C72346B761F329E6E5FB0F539AE67C53776BA73FF00A76E9AE235DB159A711C5EC7D4D6F5E5EC1E15D3C6DC2CAA31127FCF3041E4FF00B47F4AF2AD4AFAE356B9323EF7524E0B739E6B6A14F99DFA23752BEACD6D07C377BE2C5BEBF84C6A2D577B2B7000ADFF000C6B71697A6131A0FB56FE49E738F4AFA3BE1BF8453C05FB306BD772A04D4B518CBB938DC14AF03DBFFAF5F275ACAF05CB83819391C50AAAC4B9423B20A555A973743D97C2FE26B5F0A583DDB8335D5C3E5006CB286EC07F3AC7F1DF8B5AD279CC65807E40C71935C45BEAA12612B9DE47DD24F0A6B17C41AA497B3FCEE5B8EBE95CD0C0AF69CD23D158B93A7CA8A7AADFB5DCA198977C752315069704773A8DA4329022926446E71C1600FE951DC801A3C0FE1F4C546AC50865C87539047AD7B8925B1C1D4FD13FD81F413ACFED39E197190BA7C57376768E8042CA3F5715FAB1E36F0CDDF8AB4A6B1B4D4E4D219D90B5D450C72C8A030276891594371C315383CE32057E477EC1FF00106D3C35F1FF00C1DA95CCA62B3D554D81646C00F32E101F6DFB47D715FADFE37F1E58F816D2D64BB82EAF6E2F275B5B4B2B18BCD9EE65219B622F03854762490005249C0A6599737C28D1AE7E1FEADE15D45AFB59B0D52096DEF1F56BD96EE495644D8FF348C768C7455C28EC057F385E35D00F84FC65AF686599CE997F7165B98609F2E464CFFE3B5FD145C7C679504AB75E01F18DA449F7A6FECF8A718F65865776FC14D7E09FED53656B67FB477C48363319ECEE35CBABA859D0A38495CCA1595806561BF0548041041008A09679556E7833C6DAF7C3CF10D9EBBE1AD5EEB44D62D1F7C17B69214743E991D41EE0E411D41AC3E94734107DCDE17FF82BFF00C6AD0ECA2B6D46C7C33AE98C006E2E6C648E57F527CB915727D947D2BA91FF0005A4F88F8FF9117C31FF007DDC7FF175F9E14503BB3F41354FF82CDFC51BBB3923B2F08F85EC2E186166293CA14FFBA641FCEBE78F8BBFB767C6CF8D5693D8EBBE35BBB4D226FBFA6690AB670B0FEEB18C0675F676615E05450171598B9249C9F53494514083AD145140053183E783C53E8EB401FFD9);

INSERT INTO dron_taxi.dbo.Roles (Id, Name, DisplayName) VALUES (1, N'admin', N'Администратор');
INSERT INTO dron_taxi.dbo.Roles (Id, Name, DisplayName) VALUES (2, N'operator', N'Оператор');

INSERT INTO dron_taxi.dbo.UserRoles (UserId, RoleId) VALUES (3, 1);
INSERT INTO dron_taxi.dbo.UserRoles (UserId, RoleId) VALUES (3, 2);

INSERT INTO dron_taxi.dbo.SysFunctions (Id, Name, DisplayName) VALUES (1, N'Profile', N'Профиль');
INSERT INTO dron_taxi.dbo.SysFunctions (Id, Name, DisplayName) VALUES (2, N'UserManagement', N'Управление пользователями');
INSERT INTO dron_taxi.dbo.SysFunctions (Id, Name, DisplayName) VALUES (3, N'RoleManagement', N'Управление ролями');
INSERT INTO dron_taxi.dbo.SysFunctions (Id, Name, DisplayName) VALUES (4, N'OrderAcceptance', N'Принятие заказов');
INSERT INTO dron_taxi.dbo.SysFunctions (Id, Name, DisplayName) VALUES (5, N'OrderCancellation', N'Отмена заказов');
INSERT INTO dron_taxi.dbo.SysFunctions (Id, Name, DisplayName) VALUES (6, N'OrderClosing', N'Закрытие заказов');
INSERT INTO dron_taxi.dbo.SysFunctions (Id, Name, DisplayName) VALUES (7, N'VehicleAdding', N'Добавление транспорта');
INSERT INTO dron_taxi.dbo.SysFunctions (Id, Name, DisplayName) VALUES (8, N'VehicleEditing', N'Редактирование карточек транспорта');
INSERT INTO dron_taxi.dbo.SysFunctions (Id, Name, DisplayName) VALUES (9, N'VehicleDisposal', N'Списание транспорта');
INSERT INTO dron_taxi.dbo.SysFunctions (Id, Name, DisplayName) VALUES (10, N'VehicleInspection', N'ТО транспорта');
INSERT INTO dron_taxi.dbo.SysFunctions (Id, Name, DisplayName) VALUES (11, N'VehicleRepair', N'Ремонт транспорта');

INSERT INTO dron_taxi.dbo.RoleFunctions (RoleId, SysFuncId) VALUES (1, 1);
INSERT INTO dron_taxi.dbo.RoleFunctions (RoleId, SysFuncId) VALUES (1, 2);
INSERT INTO dron_taxi.dbo.RoleFunctions (RoleId, SysFuncId) VALUES (1, 3);
INSERT INTO dron_taxi.dbo.RoleFunctions (RoleId, SysFuncId) VALUES (1, 4);
INSERT INTO dron_taxi.dbo.RoleFunctions (RoleId, SysFuncId) VALUES (1, 5);
INSERT INTO dron_taxi.dbo.RoleFunctions (RoleId, SysFuncId) VALUES (1, 6);
INSERT INTO dron_taxi.dbo.RoleFunctions (RoleId, SysFuncId) VALUES (1, 7);
INSERT INTO dron_taxi.dbo.RoleFunctions (RoleId, SysFuncId) VALUES (1, 8);
INSERT INTO dron_taxi.dbo.RoleFunctions (RoleId, SysFuncId) VALUES (1, 9);
INSERT INTO dron_taxi.dbo.RoleFunctions (RoleId, SysFuncId) VALUES (1, 10);
INSERT INTO dron_taxi.dbo.RoleFunctions (RoleId, SysFuncId) VALUES (1, 11);
INSERT INTO dron_taxi.dbo.RoleFunctions (RoleId, SysFuncId) VALUES (2, 4);
INSERT INTO dron_taxi.dbo.RoleFunctions (RoleId, SysFuncId) VALUES (2, 5);
INSERT INTO dron_taxi.dbo.RoleFunctions (RoleId, SysFuncId) VALUES (2, 6);

INSERT INTO dron_taxi.dbo.Vehicles (Id, ManufacturerId, ModelName, ProductionDate, RegNumber, StartUsageDate, EndUsageDate, CategoryId) VALUES (1, 1, N'N1', N'2020-07-01 06:14:43.000', N'ABC 999-999-001', N'2020-07-31 06:17:41.000', null, 1);
INSERT INTO dron_taxi.dbo.Vehicles (Id, ManufacturerId, ModelName, ProductionDate, RegNumber, StartUsageDate, EndUsageDate, CategoryId) VALUES (2, 1, N'N2', N'2020-07-01 06:14:43.000', N'ABC 999-999-002', N'2020-07-31 06:17:41.000', null, 2);
INSERT INTO dron_taxi.dbo.Vehicles (Id, ManufacturerId, ModelName, ProductionDate, RegNumber, StartUsageDate, EndUsageDate, CategoryId) VALUES (3, 1, N'N3', N'2020-07-01 06:14:43.000', N'ABC 999-999-003', N'2020-07-31 06:17:41.000', null, 3);
INSERT INTO dron_taxi.dbo.Vehicles (Id, ManufacturerId, ModelName, ProductionDate, RegNumber, StartUsageDate, EndUsageDate, CategoryId) VALUES (4, 2, N'D1', N'2020-07-01 06:14:43.000', N'ABC 999-999-004', N'2020-07-31 06:17:41.000', null, 1);
INSERT INTO dron_taxi.dbo.Vehicles (Id, ManufacturerId, ModelName, ProductionDate, RegNumber, StartUsageDate, EndUsageDate, CategoryId) VALUES (5, 2, N'D2', N'2020-07-01 06:14:43.000', N'ABC 999-999-005', N'2020-07-31 06:17:41.000', null, 2);
INSERT INTO dron_taxi.dbo.Vehicles (Id, ManufacturerId, ModelName, ProductionDate, RegNumber, StartUsageDate, EndUsageDate, CategoryId) VALUES (6, 2, N'D3', N'2020-07-01 06:14:43.000', N'ABC 999-999-006', N'2020-07-31 06:17:41.000', null, 3);
INSERT INTO dron_taxi.dbo.Vehicles (Id, ManufacturerId, ModelName, ProductionDate, RegNumber, StartUsageDate, EndUsageDate, CategoryId) VALUES (7, 3, N'T1', N'2020-07-01 06:14:43.000', N'ABC 999-999-007', N'2020-07-31 06:17:41.000', null, 1);
INSERT INTO dron_taxi.dbo.Vehicles (Id, ManufacturerId, ModelName, ProductionDate, RegNumber, StartUsageDate, EndUsageDate, CategoryId) VALUES (8, 3, N'T2', N'2020-07-01 06:14:43.000', N'ABC 999-999-008', N'2020-07-31 06:17:41.000', null, 2);
INSERT INTO dron_taxi.dbo.Vehicles (Id, ManufacturerId, ModelName, ProductionDate, RegNumber, StartUsageDate, EndUsageDate, CategoryId) VALUES (9, 3, N'T3', N'2020-07-01 06:14:43.000', N'ABC 999-999-009', N'2020-07-31 06:17:41.000', null, 3);
INSERT INTO dron_taxi.dbo.Vehicles (Id, ManufacturerId, ModelName, ProductionDate, RegNumber, StartUsageDate, EndUsageDate, CategoryId) VALUES (10, 4, N'A1', N'2020-07-01 06:14:43.000', N'ABC 999-999-010', N'2020-07-31 06:17:41.000', null, 1);
INSERT INTO dron_taxi.dbo.Vehicles (Id, ManufacturerId, ModelName, ProductionDate, RegNumber, StartUsageDate, EndUsageDate, CategoryId) VALUES (11, 4, N'A2', N'2020-07-01 06:14:43.000', N'ABC 999-999-011', N'2020-07-31 06:17:41.000', null, 2);
INSERT INTO dron_taxi.dbo.Vehicles (Id, ManufacturerId, ModelName, ProductionDate, RegNumber, StartUsageDate, EndUsageDate, CategoryId) VALUES (12, 4, N'A3', N'2020-07-01 06:14:43.000', N'ABC 999-999-012', N'2020-07-31 06:17:41.000', null, 3);

INSERT INTO dron_taxi.dbo.VehicleManufacturers (Id, Name, DisplayName) VALUES (1, N'northrop', N'Northrop');
INSERT INTO dron_taxi.dbo.VehicleManufacturers (Id, Name, DisplayName) VALUES (2, N'dji', N'DJI');
INSERT INTO dron_taxi.dbo.VehicleManufacturers (Id, Name, DisplayName) VALUES (3, N'toyota', N'Toyota');
INSERT INTO dron_taxi.dbo.VehicleManufacturers (Id, Name, DisplayName) VALUES (4, N'airbus', N'Airbus');

INSERT INTO dron_taxi.dbo.VehicleAttributes (Id, Name, DisplayName, Type) VALUES (1, N'maxflytime', N'Максимальное время полета (ч)', 0);
INSERT INTO dron_taxi.dbo.VehicleAttributes (Id, Name, DisplayName, Type) VALUES (2, N'maxspeed', N'Максимальная скорость (км/ч)', 1);
INSERT INTO dron_taxi.dbo.VehicleAttributes (Id, Name, DisplayName, Type) VALUES (3, N'color', N'Цвет', 2);
INSERT INTO dron_taxi.dbo.VehicleAttributes (Id, Name, DisplayName, Type) VALUES (4, N'somedate', N'Какая-то дата', 3);

INSERT INTO dron_taxi.dbo.VehicleAttributeValues (Id, AttributeId, VehicleId, IntValue, FloatValue, StringValue, DateTimeValue) VALUES (1, 1, 1, 4, null, null, null);
INSERT INTO dron_taxi.dbo.VehicleAttributeValues (Id, AttributeId, VehicleId, IntValue, FloatValue, StringValue, DateTimeValue) VALUES (2, 2, 1, null, 180, null, null);
INSERT INTO dron_taxi.dbo.VehicleAttributeValues (Id, AttributeId, VehicleId, IntValue, FloatValue, StringValue, DateTimeValue) VALUES (3, 3, 1, null, null, N'Серебристый', null);
INSERT INTO dron_taxi.dbo.VehicleAttributeValues (Id, AttributeId, VehicleId, IntValue, FloatValue, StringValue, DateTimeValue) VALUES (4, 4, 1, null, null, null, N'2020-07-31 06:40:45.000');
INSERT INTO dron_taxi.dbo.VehicleAttributeValues (Id, AttributeId, VehicleId, IntValue, FloatValue, StringValue, DateTimeValue) VALUES (5, 1, 2, 6, null, null, null);
INSERT INTO dron_taxi.dbo.VehicleAttributeValues (Id, AttributeId, VehicleId, IntValue, FloatValue, StringValue, DateTimeValue) VALUES (6, 2, 2, null, 215.5, null, null);
INSERT INTO dron_taxi.dbo.VehicleAttributeValues (Id, AttributeId, VehicleId, IntValue, FloatValue, StringValue, DateTimeValue) VALUES (7, 3, 2, null, null, N'Черный', null);
INSERT INTO dron_taxi.dbo.VehicleAttributeValues (Id, AttributeId, VehicleId, IntValue, FloatValue, StringValue, DateTimeValue) VALUES (8, 4, 2, null, null, null, N'2020-07-31 06:40:45.000');
INSERT INTO dron_taxi.dbo.VehicleAttributeValues (Id, AttributeId, VehicleId, IntValue, FloatValue, StringValue, DateTimeValue) VALUES (9, 1, 3, 7, null, null, null);
INSERT INTO dron_taxi.dbo.VehicleAttributeValues (Id, AttributeId, VehicleId, IntValue, FloatValue, StringValue, DateTimeValue) VALUES (10, 2, 3, null, 240, null, null);
INSERT INTO dron_taxi.dbo.VehicleAttributeValues (Id, AttributeId, VehicleId, IntValue, FloatValue, StringValue, DateTimeValue) VALUES (11, 3, 3, null, null, N'Черный', null);
INSERT INTO dron_taxi.dbo.VehicleAttributeValues (Id, AttributeId, VehicleId, IntValue, FloatValue, StringValue, DateTimeValue) VALUES (12, 4, 3, null, null, null, N'2020-07-31 06:40:45.000');
INSERT INTO dron_taxi.dbo.VehicleAttributeValues (Id, AttributeId, VehicleId, IntValue, FloatValue, StringValue, DateTimeValue) VALUES (13, 1, 4, 3, null, null, null);
INSERT INTO dron_taxi.dbo.VehicleAttributeValues (Id, AttributeId, VehicleId, IntValue, FloatValue, StringValue, DateTimeValue) VALUES (14, 2, 4, null, 190, null, null);
INSERT INTO dron_taxi.dbo.VehicleAttributeValues (Id, AttributeId, VehicleId, IntValue, FloatValue, StringValue, DateTimeValue) VALUES (15, 3, 4, null, null, N'Красный', null);
INSERT INTO dron_taxi.dbo.VehicleAttributeValues (Id, AttributeId, VehicleId, IntValue, FloatValue, StringValue, DateTimeValue) VALUES (16, 4, 4, null, null, null, N'2020-07-31 06:40:45.000');
INSERT INTO dron_taxi.dbo.VehicleAttributeValues (Id, AttributeId, VehicleId, IntValue, FloatValue, StringValue, DateTimeValue) VALUES (17, 1, 5, 5, null, null, null);
INSERT INTO dron_taxi.dbo.VehicleAttributeValues (Id, AttributeId, VehicleId, IntValue, FloatValue, StringValue, DateTimeValue) VALUES (18, 2, 5, null, 210.1, null, null);
INSERT INTO dron_taxi.dbo.VehicleAttributeValues (Id, AttributeId, VehicleId, IntValue, FloatValue, StringValue, DateTimeValue) VALUES (19, 3, 5, null, null, N'Красный', null);
INSERT INTO dron_taxi.dbo.VehicleAttributeValues (Id, AttributeId, VehicleId, IntValue, FloatValue, StringValue, DateTimeValue) VALUES (20, 4, 5, null, null, null, N'2020-07-31 06:40:45.000');
INSERT INTO dron_taxi.dbo.VehicleAttributeValues (Id, AttributeId, VehicleId, IntValue, FloatValue, StringValue, DateTimeValue) VALUES (21, 1, 6, 6, null, null, null);
INSERT INTO dron_taxi.dbo.VehicleAttributeValues (Id, AttributeId, VehicleId, IntValue, FloatValue, StringValue, DateTimeValue) VALUES (22, 2, 6, null, 220.5, null, null);
INSERT INTO dron_taxi.dbo.VehicleAttributeValues (Id, AttributeId, VehicleId, IntValue, FloatValue, StringValue, DateTimeValue) VALUES (23, 3, 6, null, null, N'Красный', null);
INSERT INTO dron_taxi.dbo.VehicleAttributeValues (Id, AttributeId, VehicleId, IntValue, FloatValue, StringValue, DateTimeValue) VALUES (24, 4, 6, null, null, null, N'2020-07-31 06:40:45.000');
INSERT INTO dron_taxi.dbo.VehicleAttributeValues (Id, AttributeId, VehicleId, IntValue, FloatValue, StringValue, DateTimeValue) VALUES (25, 1, 7, 4, null, null, null);
INSERT INTO dron_taxi.dbo.VehicleAttributeValues (Id, AttributeId, VehicleId, IntValue, FloatValue, StringValue, DateTimeValue) VALUES (26, 2, 7, null, 195.4, null, null);
INSERT INTO dron_taxi.dbo.VehicleAttributeValues (Id, AttributeId, VehicleId, IntValue, FloatValue, StringValue, DateTimeValue) VALUES (27, 3, 7, null, null, N'Черный', null);
INSERT INTO dron_taxi.dbo.VehicleAttributeValues (Id, AttributeId, VehicleId, IntValue, FloatValue, StringValue, DateTimeValue) VALUES (28, 4, 7, null, null, null, N'2020-07-31 06:40:45.000');
INSERT INTO dron_taxi.dbo.VehicleAttributeValues (Id, AttributeId, VehicleId, IntValue, FloatValue, StringValue, DateTimeValue) VALUES (29, 1, 8, 5, null, null, null);
INSERT INTO dron_taxi.dbo.VehicleAttributeValues (Id, AttributeId, VehicleId, IntValue, FloatValue, StringValue, DateTimeValue) VALUES (30, 2, 8, null, 225.3, null, null);
INSERT INTO dron_taxi.dbo.VehicleAttributeValues (Id, AttributeId, VehicleId, IntValue, FloatValue, StringValue, DateTimeValue) VALUES (31, 3, 8, null, null, N'Серебристый', null);
INSERT INTO dron_taxi.dbo.VehicleAttributeValues (Id, AttributeId, VehicleId, IntValue, FloatValue, StringValue, DateTimeValue) VALUES (32, 4, 8, null, null, null, N'2020-07-31 06:40:45.000');
INSERT INTO dron_taxi.dbo.VehicleAttributeValues (Id, AttributeId, VehicleId, IntValue, FloatValue, StringValue, DateTimeValue) VALUES (33, 1, 9, 6, null, null, null);
INSERT INTO dron_taxi.dbo.VehicleAttributeValues (Id, AttributeId, VehicleId, IntValue, FloatValue, StringValue, DateTimeValue) VALUES (34, 2, 9, null, 239.9, null, null);
INSERT INTO dron_taxi.dbo.VehicleAttributeValues (Id, AttributeId, VehicleId, IntValue, FloatValue, StringValue, DateTimeValue) VALUES (35, 3, 9, null, null, N'Серебристый', null);
INSERT INTO dron_taxi.dbo.VehicleAttributeValues (Id, AttributeId, VehicleId, IntValue, FloatValue, StringValue, DateTimeValue) VALUES (36, 4, 9, null, null, null, N'2020-07-31 06:40:45.000');
INSERT INTO dron_taxi.dbo.VehicleAttributeValues (Id, AttributeId, VehicleId, IntValue, FloatValue, StringValue, DateTimeValue) VALUES (37, 1, 10, 4, null, null, null);
INSERT INTO dron_taxi.dbo.VehicleAttributeValues (Id, AttributeId, VehicleId, IntValue, FloatValue, StringValue, DateTimeValue) VALUES (38, 2, 10, null, 192.5, null, null);
INSERT INTO dron_taxi.dbo.VehicleAttributeValues (Id, AttributeId, VehicleId, IntValue, FloatValue, StringValue, DateTimeValue) VALUES (39, 3, 10, null, null, N'Синий', null);
INSERT INTO dron_taxi.dbo.VehicleAttributeValues (Id, AttributeId, VehicleId, IntValue, FloatValue, StringValue, DateTimeValue) VALUES (40, 4, 10, null, null, null, N'2020-07-31 06:40:45.000');
INSERT INTO dron_taxi.dbo.VehicleAttributeValues (Id, AttributeId, VehicleId, IntValue, FloatValue, StringValue, DateTimeValue) VALUES (41, 1, 11, 6, null, null, null);
INSERT INTO dron_taxi.dbo.VehicleAttributeValues (Id, AttributeId, VehicleId, IntValue, FloatValue, StringValue, DateTimeValue) VALUES (42, 2, 11, null, 202, null, null);
INSERT INTO dron_taxi.dbo.VehicleAttributeValues (Id, AttributeId, VehicleId, IntValue, FloatValue, StringValue, DateTimeValue) VALUES (43, 3, 11, null, null, N'Синий', null);
INSERT INTO dron_taxi.dbo.VehicleAttributeValues (Id, AttributeId, VehicleId, IntValue, FloatValue, StringValue, DateTimeValue) VALUES (44, 4, 11, null, null, null, N'2020-07-31 06:40:45.000');
INSERT INTO dron_taxi.dbo.VehicleAttributeValues (Id, AttributeId, VehicleId, IntValue, FloatValue, StringValue, DateTimeValue) VALUES (45, 1, 12, 8, null, null, null);
INSERT INTO dron_taxi.dbo.VehicleAttributeValues (Id, AttributeId, VehicleId, IntValue, FloatValue, StringValue, DateTimeValue) VALUES (46, 2, 12, null, 228.2, null, null);
INSERT INTO dron_taxi.dbo.VehicleAttributeValues (Id, AttributeId, VehicleId, IntValue, FloatValue, StringValue, DateTimeValue) VALUES (47, 3, 12, null, null, N'Синий', null);
INSERT INTO dron_taxi.dbo.VehicleAttributeValues (Id, AttributeId, VehicleId, IntValue, FloatValue, StringValue, DateTimeValue) VALUES (48, 4, 12, null, null, null, N'2020-07-31 06:40:45.000');

INSERT INTO dron_taxi.dbo.VehicleCategories (Id, Name, DisplayName) VALUES (1, N'cheap', N'Эконом');
INSERT INTO dron_taxi.dbo.VehicleCategories (Id, Name, DisplayName) VALUES (2, N'business', N'Бизнес');
INSERT INTO dron_taxi.dbo.VehicleCategories (Id, Name, DisplayName) VALUES (3, N'comfort', N'Комфорт');

INSERT INTO dron_taxi.dbo.VehicleCycles (Id, VehicleId, InspIntervalTime, CurrInspFlyTime, InspIntervalDist, CurrInspFlyDist, InspIntervalRegType, InspIntervalRegTimeOfDay, InspIntervalRegLastDate, RepIntervalTime, CurrRepFlyTime, RepIntervalDist, CurrRepFlyDist) VALUES (1, 1, null, 3212, null, 145000, 1, N'00:00:00', N'2020-07-25 06:52:53.000', null, 0, null, 0);
INSERT INTO dron_taxi.dbo.VehicleCycles (Id, VehicleId, InspIntervalTime, CurrInspFlyTime, InspIntervalDist, CurrInspFlyDist, InspIntervalRegType, InspIntervalRegTimeOfDay, InspIntervalRegLastDate, RepIntervalTime, CurrRepFlyTime, RepIntervalDist, CurrRepFlyDist) VALUES (2, 2, null, 1267, null, 135000, 1, N'00:00:00', N'2020-07-25 06:52:53.000', null, 0, null, 0);
INSERT INTO dron_taxi.dbo.VehicleCycles (Id, VehicleId, InspIntervalTime, CurrInspFlyTime, InspIntervalDist, CurrInspFlyDist, InspIntervalRegType, InspIntervalRegTimeOfDay, InspIntervalRegLastDate, RepIntervalTime, CurrRepFlyTime, RepIntervalDist, CurrRepFlyDist) VALUES (3, 3, null, 678, null, 125000, 1, N'00:00:00', N'2020-07-25 06:52:53.000', null, 0, null, 0);
INSERT INTO dron_taxi.dbo.VehicleCycles (Id, VehicleId, InspIntervalTime, CurrInspFlyTime, InspIntervalDist, CurrInspFlyDist, InspIntervalRegType, InspIntervalRegTimeOfDay, InspIntervalRegLastDate, RepIntervalTime, CurrRepFlyTime, RepIntervalDist, CurrRepFlyDist) VALUES (4, 4, 5000, 4563, null, 160000, 0, N'00:00:00', N'2020-07-31 06:57:53.220', 50000, 44000, null, 0);
INSERT INTO dron_taxi.dbo.VehicleCycles (Id, VehicleId, InspIntervalTime, CurrInspFlyTime, InspIntervalDist, CurrInspFlyDist, InspIntervalRegType, InspIntervalRegTimeOfDay, InspIntervalRegLastDate, RepIntervalTime, CurrRepFlyTime, RepIntervalDist, CurrRepFlyDist) VALUES (5, 5, 5000, 2227, null, 150000, 0, N'00:00:00', N'2020-07-31 06:57:53.220', 50000, 43000, null, 0);
INSERT INTO dron_taxi.dbo.VehicleCycles (Id, VehicleId, InspIntervalTime, CurrInspFlyTime, InspIntervalDist, CurrInspFlyDist, InspIntervalRegType, InspIntervalRegTimeOfDay, InspIntervalRegLastDate, RepIntervalTime, CurrRepFlyTime, RepIntervalDist, CurrRepFlyDist) VALUES (6, 6, 5000, 1678, null, 140000, 0, N'00:00:00', N'2020-07-31 06:57:53.220', 50000, 42000, null, 0);
INSERT INTO dron_taxi.dbo.VehicleCycles (Id, VehicleId, InspIntervalTime, CurrInspFlyTime, InspIntervalDist, CurrInspFlyDist, InspIntervalRegType, InspIntervalRegTimeOfDay, InspIntervalRegLastDate, RepIntervalTime, CurrRepFlyTime, RepIntervalDist, CurrRepFlyDist) VALUES (7, 7, null, 2967, 200000, 181000, 0, N'00:00:00', N'2020-07-31 06:57:53.237', null, 0, 2000000, 1100000);
INSERT INTO dron_taxi.dbo.VehicleCycles (Id, VehicleId, InspIntervalTime, CurrInspFlyTime, InspIntervalDist, CurrInspFlyDist, InspIntervalRegType, InspIntervalRegTimeOfDay, InspIntervalRegLastDate, RepIntervalTime, CurrRepFlyTime, RepIntervalDist, CurrRepFlyDist) VALUES (8, 8, null, 2640, 200000, 171000, 0, N'00:00:00', N'2020-07-31 06:57:53.237', null, 0, 2000000, 1050000);
INSERT INTO dron_taxi.dbo.VehicleCycles (Id, VehicleId, InspIntervalTime, CurrInspFlyTime, InspIntervalDist, CurrInspFlyDist, InspIntervalRegType, InspIntervalRegTimeOfDay, InspIntervalRegLastDate, RepIntervalTime, CurrRepFlyTime, RepIntervalDist, CurrRepFlyDist) VALUES (9, 9, null, 1980, 200000, 161000, 0, N'00:00:00', N'2020-07-31 06:57:53.237', null, 0, 2000000, 1000000);
INSERT INTO dron_taxi.dbo.VehicleCycles (Id, VehicleId, InspIntervalTime, CurrInspFlyTime, InspIntervalDist, CurrInspFlyDist, InspIntervalRegType, InspIntervalRegTimeOfDay, InspIntervalRegLastDate, RepIntervalTime, CurrRepFlyTime, RepIntervalDist, CurrRepFlyDist) VALUES (10, 10, null, 3868, null, 140000, 2, N'00:00:00', N'2020-07-28 06:53:29.000', null, 0, null, 0);
INSERT INTO dron_taxi.dbo.VehicleCycles (Id, VehicleId, InspIntervalTime, CurrInspFlyTime, InspIntervalDist, CurrInspFlyDist, InspIntervalRegType, InspIntervalRegTimeOfDay, InspIntervalRegLastDate, RepIntervalTime, CurrRepFlyTime, RepIntervalDist, CurrRepFlyDist) VALUES (11, 11, null, 2444, null, 130000, 2, N'00:00:00', N'2020-07-25 06:52:53.000', null, 0, null, 0);
INSERT INTO dron_taxi.dbo.VehicleCycles (Id, VehicleId, InspIntervalTime, CurrInspFlyTime, InspIntervalDist, CurrInspFlyDist, InspIntervalRegType, InspIntervalRegTimeOfDay, InspIntervalRegLastDate, RepIntervalTime, CurrRepFlyTime, RepIntervalDist, CurrRepFlyDist) VALUES (12, 12, null, 1600, null, 120000, 2, N'00:00:00', N'2020-07-25 06:52:53.000', null, 0, null, 0);

INSERT INTO dron_taxi.dbo.VehicleInspections (Id, VehicleId, StartDate, EndDate, WorkerId, DocumentNumber) VALUES (1, 1, N'2020-07-01 07:02:58.000', N'2020-07-02 07:04:39.000', 3, N'I1');
INSERT INTO dron_taxi.dbo.VehicleInspections (Id, VehicleId, StartDate, EndDate, WorkerId, DocumentNumber) VALUES (2, 2, N'2020-07-03 07:03:10.000', N'2020-07-04 07:04:43.000', 3, N'I2');
INSERT INTO dron_taxi.dbo.VehicleInspections (Id, VehicleId, StartDate, EndDate, WorkerId, DocumentNumber) VALUES (3, 3, N'2020-07-05 07:03:17.000', N'2020-07-06 07:04:46.000', 3, N'I3');
INSERT INTO dron_taxi.dbo.VehicleInspections (Id, VehicleId, StartDate, EndDate, WorkerId, DocumentNumber) VALUES (4, 4, N'2020-07-07 07:03:26.000', N'2020-07-08 07:04:50.000', 3, N'I4');
INSERT INTO dron_taxi.dbo.VehicleInspections (Id, VehicleId, StartDate, EndDate, WorkerId, DocumentNumber) VALUES (5, 5, N'2020-07-09 07:03:37.000', N'2020-07-10 07:04:52.000', 3, N'I5');
INSERT INTO dron_taxi.dbo.VehicleInspections (Id, VehicleId, StartDate, EndDate, WorkerId, DocumentNumber) VALUES (6, 6, N'2020-07-11 07:03:44.000', N'2020-07-12 07:04:55.000', 3, N'I6');
INSERT INTO dron_taxi.dbo.VehicleInspections (Id, VehicleId, StartDate, EndDate, WorkerId, DocumentNumber) VALUES (7, 7, N'2020-07-13 07:04:01.000', N'2020-07-14 07:04:58.000', 3, N'I7');
INSERT INTO dron_taxi.dbo.VehicleInspections (Id, VehicleId, StartDate, EndDate, WorkerId, DocumentNumber) VALUES (8, 8, N'2020-07-15 07:04:05.000', N'2020-07-16 07:05:01.000', 3, N'I8');
INSERT INTO dron_taxi.dbo.VehicleInspections (Id, VehicleId, StartDate, EndDate, WorkerId, DocumentNumber) VALUES (9, 9, N'2020-07-17 07:04:09.000', N'2020-07-18 07:05:07.000', 3, N'I9');
INSERT INTO dron_taxi.dbo.VehicleInspections (Id, VehicleId, StartDate, EndDate, WorkerId, DocumentNumber) VALUES (10, 10, N'2020-07-19 07:04:13.000', N'2020-07-20 07:05:10.000', 3, N'I10');
INSERT INTO dron_taxi.dbo.VehicleInspections (Id, VehicleId, StartDate, EndDate, WorkerId, DocumentNumber) VALUES (11, 11, N'2020-07-21 07:04:17.000', N'2020-07-22 07:05:12.000', 3, N'I11');
INSERT INTO dron_taxi.dbo.VehicleInspections (Id, VehicleId, StartDate, EndDate, WorkerId, DocumentNumber) VALUES (12, 12, N'2020-07-23 07:04:22.000', N'2020-07-24 07:05:17.000', 3, N'I12');

INSERT INTO dron_taxi.dbo.VehicleRepairs (Id, VehicleId, Type, StartDate, EndDate, WorkerId, DocumentNumber) VALUES (2, 1, 2, N'2020-07-01 07:02:58.000', N'2020-07-02 07:04:39.000', 3, N'R1');
INSERT INTO dron_taxi.dbo.VehicleRepairs (Id, VehicleId, Type, StartDate, EndDate, WorkerId, DocumentNumber) VALUES (3, 2, 1, N'2020-07-03 07:03:10.000', N'2020-07-04 07:04:43.000', 3, N'R2');
INSERT INTO dron_taxi.dbo.VehicleRepairs (Id, VehicleId, Type, StartDate, EndDate, WorkerId, DocumentNumber) VALUES (4, 3, 0, N'2020-07-05 07:03:17.000', N'2020-07-06 07:04:46.000', 3, N'R3');
INSERT INTO dron_taxi.dbo.VehicleRepairs (Id, VehicleId, Type, StartDate, EndDate, WorkerId, DocumentNumber) VALUES (5, 4, 2, N'2020-07-07 07:03:26.000', N'2020-07-08 07:04:50.000', 3, N'R4');
INSERT INTO dron_taxi.dbo.VehicleRepairs (Id, VehicleId, Type, StartDate, EndDate, WorkerId, DocumentNumber) VALUES (6, 5, 1, N'2020-07-09 07:03:37.000', N'2020-07-10 07:04:52.000', 3, N'R5');
INSERT INTO dron_taxi.dbo.VehicleRepairs (Id, VehicleId, Type, StartDate, EndDate, WorkerId, DocumentNumber) VALUES (7, 6, 0, N'2020-07-11 07:03:44.000', N'2020-07-12 07:04:55.000', 3, N'R6');
INSERT INTO dron_taxi.dbo.VehicleRepairs (Id, VehicleId, Type, StartDate, EndDate, WorkerId, DocumentNumber) VALUES (8, 7, 2, N'2020-07-13 07:04:01.000', N'2020-07-14 07:04:58.000', 3, N'R7');
INSERT INTO dron_taxi.dbo.VehicleRepairs (Id, VehicleId, Type, StartDate, EndDate, WorkerId, DocumentNumber) VALUES (9, 8, 1, N'2020-07-15 07:04:05.000', N'2020-07-16 07:05:01.000', 3, N'R8');
INSERT INTO dron_taxi.dbo.VehicleRepairs (Id, VehicleId, Type, StartDate, EndDate, WorkerId, DocumentNumber) VALUES (10, 9, 0, N'2020-07-17 07:04:09.000', N'2020-07-18 07:05:07.000', 3, N'R9');
INSERT INTO dron_taxi.dbo.VehicleRepairs (Id, VehicleId, Type, StartDate, EndDate, WorkerId, DocumentNumber) VALUES (11, 10, 2, N'2020-07-19 07:04:13.000', N'2020-07-20 07:05:10.000', 3, N'R10');
INSERT INTO dron_taxi.dbo.VehicleRepairs (Id, VehicleId, Type, StartDate, EndDate, WorkerId, DocumentNumber) VALUES (12, 11, 1, N'2020-07-21 07:04:17.000', N'2020-07-22 07:05:12.000', 3, N'R11');
INSERT INTO dron_taxi.dbo.VehicleRepairs (Id, VehicleId, Type, StartDate, EndDate, WorkerId, DocumentNumber) VALUES (13, 12, 0, N'2020-07-23 07:04:22.000', N'2020-07-24 07:05:17.000', 3, N'R12');

INSERT INTO dron_taxi.dbo.Orders (Id, UserId, CreationDateTime, StartDateTime, EndDateTime, StartPointAddress, EndPointAddress, VehicleId, OperatorId, Status) VALUES (1, 3, N'2020-07-01 07:18:15.000', null, null, N'SPA1', N'EPA1', 1, 3, 0);
INSERT INTO dron_taxi.dbo.Orders (Id, UserId, CreationDateTime, StartDateTime, EndDateTime, StartPointAddress, EndPointAddress, VehicleId, OperatorId, Status) VALUES (2, 3, N'2020-07-03 07:18:31.000', null, null, N'SPA2', N'EPA2', 2, 3, 1);
INSERT INTO dron_taxi.dbo.Orders (Id, UserId, CreationDateTime, StartDateTime, EndDateTime, StartPointAddress, EndPointAddress, VehicleId, OperatorId, Status) VALUES (3, 3, N'2020-07-05 07:18:35.000', N'2020-07-31 07:20:25.000', null, N'SPA3', N'EPA3', 3, 3, 2);
INSERT INTO dron_taxi.dbo.Orders (Id, UserId, CreationDateTime, StartDateTime, EndDateTime, StartPointAddress, EndPointAddress, VehicleId, OperatorId, Status) VALUES (4, 3, N'2020-07-07 07:18:37.000', N'2020-07-31 07:20:47.000', N'2020-07-31 07:20:54.000', N'SPA4', N'EPA4', 4, 3, 3);
INSERT INTO dron_taxi.dbo.Orders (Id, UserId, CreationDateTime, StartDateTime, EndDateTime, StartPointAddress, EndPointAddress, VehicleId, OperatorId, Status) VALUES (5, 3, N'2020-07-09 07:18:41.000', N'2020-07-31 07:20:57.000', N'2020-07-31 07:20:57.000', N'SPA5', N'EPA5', 5, 3, 4);
INSERT INTO dron_taxi.dbo.Orders (Id, UserId, CreationDateTime, StartDateTime, EndDateTime, StartPointAddress, EndPointAddress, VehicleId, OperatorId, Status) VALUES (6, 3, N'2020-07-11 07:18:44.000', null, null, N'SPA6', N'EPA6', 6, 3, 0);
INSERT INTO dron_taxi.dbo.Orders (Id, UserId, CreationDateTime, StartDateTime, EndDateTime, StartPointAddress, EndPointAddress, VehicleId, OperatorId, Status) VALUES (7, 3, N'2020-07-13 07:18:49.000', null, null, N'SPA7', N'EPA7', 7, 3, 1);
INSERT INTO dron_taxi.dbo.Orders (Id, UserId, CreationDateTime, StartDateTime, EndDateTime, StartPointAddress, EndPointAddress, VehicleId, OperatorId, Status) VALUES (8, 3, N'2020-07-15 07:18:53.000', N'2020-07-31 07:20:40.000', null, N'SPA8', N'EPA8', 8, 3, 2);
INSERT INTO dron_taxi.dbo.Orders (Id, UserId, CreationDateTime, StartDateTime, EndDateTime, StartPointAddress, EndPointAddress, VehicleId, OperatorId, Status) VALUES (9, 3, N'2020-07-17 07:18:57.000', N'2020-07-31 07:20:57.000', N'2020-07-31 07:20:58.000', N'SPA9', N'EPA9', 9, 3, 3);
INSERT INTO dron_taxi.dbo.Orders (Id, UserId, CreationDateTime, StartDateTime, EndDateTime, StartPointAddress, EndPointAddress, VehicleId, OperatorId, Status) VALUES (10, 3, N'2020-07-19 07:19:02.000', N'2020-07-31 07:20:57.000', N'2020-07-31 07:20:57.000', N'SPA10', N'EPA10', 10, 3, 4);
INSERT INTO dron_taxi.dbo.Orders (Id, UserId, CreationDateTime, StartDateTime, EndDateTime, StartPointAddress, EndPointAddress, VehicleId, OperatorId, Status) VALUES (11, 3, N'2020-07-21 07:19:07.000', null, null, N'SPA11', N'EPA11', 11, 3, 0);
INSERT INTO dron_taxi.dbo.Orders (Id, UserId, CreationDateTime, StartDateTime, EndDateTime, StartPointAddress, EndPointAddress, VehicleId, OperatorId, Status) VALUES (12, 3, N'2020-07-23 07:19:10.000', null, null, N'SPA12', N'EPA12', 12, 3, 1);